timestamp_epoch,container,cpu_percent,memory_usage
1791442399,triage-triage-1,0.25%,38.48MiB / 9.701GiB
1791442399,triage-ollama-1,0.00%,4.718GiB / 9.701GiB
1791442406,triage-triage-1,0.25%,38.48MiB / 9.701GiB
1791442406,triage-ollama-1,0.01%,4.718GiB / 9.701GiB
1791442412,triage-triage-1,0.21%,38.48MiB / 9.701GiB
1791442412,triage-ollama-1,5.42%,4.717GiB / 9.701GiB
1791442418,triage-triage-1,0.20%,38.48MiB / 9.701GiB
1791442418,triage-ollama-1,0.01%,4.718GiB / 9.701GiB
1791442425,triage-triage-1,0.25%,38.48MiB / 9.701GiB
1791442425,triage-ollama-1,0.01%,4.717GiB / 9.701GiB
1791442432,triage-triage-1,0.23%,38.73MiB / 9.701GiB
1791442432,triage-ollama-1,4.12%,4.718GiB / 9.701GiB
1791442439,triage-triage-1,0.25%,38.73MiB / 9.701GiB
1791442439,triage-ollama-1,0.01%,4.719GiB / 9.701GiB
1791442445,triage-triage-1,0.25%,38.73MiB / 9.701GiB
1791442445,triage-ollama-1,0.01%,4.719GiB / 9.701GiB
1791442452,triage-triage-1,0.20%,38.73MiB / 9.701GiB
1791442452,triage-ollama-1,0.01%,4.724GiB / 9.701GiB
1791442459,triage-triage-1,1.03%,38.73MiB / 9.701GiB
1791442459,triage-ollama-1,0.01%,4.73GiB / 9.701GiB
1791442466,triage-triage-1,0.23%,38.71MiB / 9.701GiB
1791442466,triage-ollama-1,3.55%,4.73GiB / 9.701GiB
1791442473,triage-triage-1,0.24%,38.95MiB / 9.701GiB
1791442473,triage-ollama-1,0.01%,4.781GiB / 9.701GiB
1791442480,triage-triage-1,0.31%,38.9MiB / 9.701GiB
1791442480,triage-ollama-1,0.01%,4.78GiB / 9.701GiB
1791442487,triage-triage-1,0.27%,38.9MiB / 9.701GiB
1791442487,triage-ollama-1,3.33%,4.781GiB / 9.701GiB
1791442494,triage-triage-1,0.10%,38.9MiB / 9.701GiB
1791442494,triage-ollama-1,1076.77%,4.854GiB / 9.701GiB
1791442501,triage-triage-1,0.22%,39.14MiB / 9.701GiB
1791442501,triage-ollama-1,0.01%,4.854GiB / 9.701GiB
1791442508,triage-triage-1,0.23%,39.14MiB / 9.701GiB
1791442508,triage-ollama-1,0.00%,4.855GiB / 9.701GiB
1791442515,triage-triage-1,2.14%,39.13MiB / 9.701GiB
1791442515,triage-ollama-1,1310.71%,4.888GiB / 9.701GiB
1791442522,triage-triage-1,0.35%,38.86MiB / 9.701GiB
1791442522,triage-ollama-1,0.01%,4.888GiB / 9.701GiB
1791442529,triage-triage-1,0.13%,38.8MiB / 9.701GiB
1791442529,triage-ollama-1,4.96%,4.905GiB / 9.701GiB
1791442535,triage-triage-1,0.20%,39.05MiB / 9.701GiB
1791442535,triage-ollama-1,1037.20%,4.906GiB / 9.701GiB
1791442542,triage-triage-1,0.19%,39.04MiB / 9.701GiB
1791442542,triage-ollama-1,0.04%,4.906GiB / 9.701GiB
1791442548,triage-triage-1,0.16%,39.04MiB / 9.701GiB
1791442548,triage-ollama-1,0.01%,4.906GiB / 9.701GiB
1791442554,triage-triage-1,0.30%,39.04MiB / 9.701GiB
1791442554,triage-ollama-1,4.94%,4.907GiB / 9.701GiB
1791442561,triage-triage-1,0.35%,39.04MiB / 9.701GiB
1791442561,triage-ollama-1,0.01%,4.906GiB / 9.701GiB
1791442568,triage-triage-1,0.32%,39.04MiB / 9.701GiB
1791442568,triage-ollama-1,0.01%,4.906GiB / 9.701GiB
1791442574,triage-triage-1,0.46%,39.04MiB / 9.701GiB
1791442574,triage-ollama-1,3.20%,4.907GiB / 9.701GiB
1791442580,triage-triage-1,0.27%,39.04MiB / 9.701GiB
1791442580,triage-ollama-1,0.01%,4.907GiB / 9.701GiB
1791442587,triage-triage-1,0.26%,39.04MiB / 9.701GiB
1791442587,triage-ollama-1,0.01%,4.906GiB / 9.701GiB
1791442593,triage-triage-1,0.25%,39.03MiB / 9.701GiB
1791442593,triage-ollama-1,3.37%,4.907GiB / 9.701GiB
1791442600,triage-triage-1,0.27%,39.02MiB / 9.701GiB
1791442600,triage-ollama-1,0.00%,4.906GiB / 9.701GiB
1791442606,triage-triage-1,1.33%,39.02MiB / 9.701GiB
1791442606,triage-ollama-1,973.39%,4.927GiB / 9.701GiB
1791442613,triage-triage-1,0.28%,38.97MiB / 9.701GiB
1791442613,triage-ollama-1,0.01%,4.927GiB / 9.701GiB
1791442619,triage-triage-1,0.28%,38.97MiB / 9.701GiB
1791442619,triage-ollama-1,3.16%,4.928GiB / 9.701GiB
1791442625,triage-triage-1,0.29%,38.97MiB / 9.701GiB
1791442625,triage-ollama-1,0.01%,4.927GiB / 9.701GiB
1791442632,triage-triage-1,0.64%,39.21MiB / 9.701GiB
1791442632,triage-ollama-1,0.01%,4.927GiB / 9.701GiB
1791442639,triage-triage-1,0.29%,39.2MiB / 9.701GiB
1791442639,triage-ollama-1,2.86%,4.927GiB / 9.701GiB
1791442645,triage-triage-1,0.29%,39.2MiB / 9.701GiB
1791442645,triage-ollama-1,0.01%,4.927GiB / 9.701GiB
1791442652,triage-triage-1,0.29%,39.2MiB / 9.701GiB
1791442652,triage-ollama-1,0.01%,4.928GiB / 9.701GiB
1791442659,triage-triage-1,0.28%,39.2MiB / 9.701GiB
1791442659,triage-ollama-1,0.01%,4.927GiB / 9.701GiB
1791442665,triage-triage-1,0.34%,39.2MiB / 9.701GiB
1791442665,triage-ollama-1,0.01%,4.927GiB / 9.701GiB
1791442672,triage-triage-1,0.25%,39.2MiB / 9.701GiB
1791442672,triage-ollama-1,0.00%,4.927GiB / 9.701GiB
1791442679,triage-triage-1,0.26%,39.44MiB / 9.701GiB
1791442679,triage-ollama-1,0.01%,4.928GiB / 9.701GiB
1791442686,triage-triage-1,0.12%,39.69MiB / 9.701GiB
1791442686,triage-ollama-1,1008.28%,4.942GiB / 9.701GiB
1791442693,triage-triage-1,0.29%,39.92MiB / 9.701GiB
1791442693,triage-ollama-1,0.01%,4.942GiB / 9.701GiB
1791442699,triage-triage-1,0.26%,39.92MiB / 9.701GiB
1791442699,triage-ollama-1,0.01%,4.942GiB / 9.701GiB
1791442705,triage-triage-1,0.28%,39.92MiB / 9.701GiB
1791442705,triage-ollama-1,0.00%,4.943GiB / 9.701GiB
1791442712,triage-triage-1,0.28%,39.92MiB / 9.701GiB
1791442712,triage-ollama-1,0.01%,4.942GiB / 9.701GiB
1791442719,triage-triage-1,0.07%,39.91MiB / 9.701GiB
1791442719,triage-ollama-1,998.45%,4.948GiB / 9.701GiB
1791442725,triage-triage-1,0.98%,40.12MiB / 9.701GiB
1791442725,triage-ollama-1,1.25%,4.965GiB / 9.701GiB
1791442732,triage-triage-1,0.26%,40.1MiB / 9.701GiB
1791442732,triage-ollama-1,0.01%,4.974GiB / 9.701GiB
1791442739,triage-triage-1,0.22%,40.1MiB / 9.701GiB
1791442739,triage-ollama-1,0.01%,4.975GiB / 9.701GiB
1791442746,triage-triage-1,0.28%,40.1MiB / 9.701GiB
1791442746,triage-ollama-1,597.79%,4.975GiB / 9.701GiB
1791442753,triage-triage-1,0.24%,40.08MiB / 9.701GiB
1791442753,triage-ollama-1,0.00%,4.975GiB / 9.701GiB
1791442760,triage-triage-1,0.24%,40.08MiB / 9.701GiB
1791442760,triage-ollama-1,2.87%,4.975GiB / 9.701GiB
1791442766,triage-triage-1,0.26%,40.07MiB / 9.701GiB
1791442766,triage-ollama-1,0.01%,4.975GiB / 9.701GiB
1791442773,triage-triage-1,0.29%,40.07MiB / 9.701GiB
1791442773,triage-ollama-1,0.01%,4.975GiB / 9.701GiB
1791442779,triage-triage-1,0.25%,40.07MiB / 9.701GiB
1791442779,triage-ollama-1,0.01%,4.975GiB / 9.701GiB
1791442786,triage-triage-1,0.26%,40.07MiB / 9.701GiB
1791442786,triage-ollama-1,0.01%,4.975GiB / 9.701GiB
1791442793,triage-triage-1,0.24%,40.07MiB / 9.701GiB
1791442793,triage-ollama-1,0.01%,4.975GiB / 9.701GiB
1791442800,triage-triage-1,0.24%,40.07MiB / 9.701GiB
1791442800,triage-ollama-1,0.00%,4.975GiB / 9.701GiB
1791442806,triage-triage-1,0.27%,40.07MiB / 9.701GiB
1791442806,triage-ollama-1,0.01%,4.975GiB / 9.701GiB
1791442813,triage-triage-1,0.29%,40.07MiB / 9.701GiB
1791442813,triage-ollama-1,0.01%,4.975GiB / 9.701GiB
1791442819,triage-triage-1,0.30%,40.06MiB / 9.701GiB
1791442819,triage-ollama-1,0.01%,4.974GiB / 9.701GiB
1791442826,triage-triage-1,0.83%,40.06MiB / 9.701GiB
1791442826,triage-ollama-1,0.01%,4.975GiB / 9.701GiB
1791442833,triage-triage-1,0.26%,40.01MiB / 9.701GiB
1791442833,triage-ollama-1,0.00%,5.003GiB / 9.701GiB
1791442840,triage-triage-1,0.25%,40.01MiB / 9.701GiB
1791442840,triage-ollama-1,0.01%,5.003GiB / 9.701GiB
1791442846,triage-triage-1,0.30%,40.01MiB / 9.701GiB
1791442846,triage-ollama-1,0.00%,5.003GiB / 9.701GiB
1791442853,triage-triage-1,1.20%,39.74MiB / 9.701GiB
1791442853,triage-ollama-1,0.00%,5.02GiB / 9.701GiB
1791442859,triage-triage-1,0.23%,39.73MiB / 9.701GiB
1791442859,triage-ollama-1,0.01%,5.02GiB / 9.701GiB
1791442866,triage-triage-1,0.25%,39.73MiB / 9.701GiB
1791442866,triage-ollama-1,4.23%,5.02GiB / 9.701GiB
1791442873,triage-triage-1,0.29%,39.73MiB / 9.701GiB
1791442873,triage-ollama-1,0.01%,5.02GiB / 9.701GiB
1791442880,triage-triage-1,0.28%,39.73MiB / 9.701GiB
1791442880,triage-ollama-1,0.01%,5.019GiB / 9.701GiB
1791442886,triage-triage-1,0.22%,39.98MiB / 9.701GiB
1791442886,triage-ollama-1,5.63%,5.02GiB / 9.701GiB
1791442893,triage-triage-1,0.27%,39.97MiB / 9.701GiB
1791442893,triage-ollama-1,0.01%,5.019GiB / 9.701GiB
1791442899,triage-triage-1,0.31%,39.97MiB / 9.701GiB
1791442899,triage-ollama-1,0.01%,5.02GiB / 9.701GiB
1791442906,triage-triage-1,0.26%,39.97MiB / 9.701GiB
1791442906,triage-ollama-1,3.06%,5.02GiB / 9.701GiB
1791442913,triage-triage-1,0.31%,39.97MiB / 9.701GiB
1791442913,triage-ollama-1,0.01%,5.02GiB / 9.701GiB
1791442919,triage-triage-1,0.25%,39.97MiB / 9.701GiB
1791442919,triage-ollama-1,0.01%,5.019GiB / 9.701GiB
1791442926,triage-triage-1,0.24%,39.96MiB / 9.701GiB
1791442926,triage-ollama-1,2.81%,5.02GiB / 9.701GiB
1791442933,triage-triage-1,0.30%,39.96MiB / 9.701GiB
1791442933,triage-ollama-1,0.01%,5.02GiB / 9.701GiB
1791442939,triage-triage-1,0.24%,39.96MiB / 9.701GiB
1791442939,triage-ollama-1,0.01%,5.02GiB / 9.701GiB
1791442945,triage-triage-1,0.30%,39.96MiB / 9.701GiB
1791442945,triage-ollama-1,0.01%,5.02GiB / 9.701GiB
1791442952,triage-triage-1,0.26%,39.96MiB / 9.701GiB
1791442952,triage-ollama-1,2.90%,5.02GiB / 9.701GiB
1791442958,triage-triage-1,0.34%,39.96MiB / 9.701GiB
1791442958,triage-ollama-1,0.01%,5.02GiB / 9.701GiB
1791442965,triage-triage-1,0.31%,39.96MiB / 9.701GiB
1791442965,triage-ollama-1,0.01%,5.032GiB / 9.701GiB
1791442972,triage-triage-1,0.29%,39.91MiB / 9.701GiB
1791442972,triage-ollama-1,3.25%,5.033GiB / 9.701GiB
1791442978,triage-triage-1,0.28%,39.91MiB / 9.701GiB
1791442978,triage-ollama-1,0.00%,5.033GiB / 9.701GiB
1791442985,triage-triage-1,0.33%,39.91MiB / 9.701GiB
1791442985,triage-ollama-1,0.01%,5.033GiB / 9.701GiB
1791442992,triage-triage-1,0.29%,39.9MiB / 9.701GiB
1791442992,triage-ollama-1,0.01%,5.032GiB / 9.701GiB
1791442998,triage-triage-1,0.29%,39.9MiB / 9.701GiB
1791442998,triage-ollama-1,2.76%,5.032GiB / 9.701GiB
1791443004,triage-triage-1,0.27%,39.89MiB / 9.701GiB
1791443004,triage-ollama-1,0.01%,5.032GiB / 9.701GiB
1791443011,triage-triage-1,0.32%,39.89MiB / 9.701GiB
1791443011,triage-ollama-1,0.01%,5.032GiB / 9.701GiB
1791443018,triage-triage-1,0.27%,39.89MiB / 9.701GiB
1791443018,triage-ollama-1,2.68%,5.032GiB / 9.701GiB
1791443026,triage-triage-1,0.24%,39.89MiB / 9.701GiB
1791443026,triage-ollama-1,0.01%,5.033GiB / 9.701GiB
1791443032,triage-triage-1,0.32%,39.89MiB / 9.701GiB
1791443032,triage-ollama-1,0.01%,5.032GiB / 9.701GiB
1791443038,triage-triage-1,0.23%,39.89MiB / 9.701GiB
1791443038,triage-ollama-1,2.81%,5.032GiB / 9.701GiB
1791443044,triage-triage-1,0.25%,39.89MiB / 9.701GiB
1791443044,triage-ollama-1,0.01%,5.032GiB / 9.701GiB
1791443050,triage-triage-1,0.22%,39.89MiB / 9.701GiB
1791443050,triage-ollama-1,0.01%,5.033GiB / 9.701GiB
1791443057,triage-triage-1,0.31%,39.89MiB / 9.701GiB
1791443057,triage-ollama-1,4.05%,5.033GiB / 9.701GiB
1791443064,triage-triage-1,0.22%,39.89MiB / 9.701GiB
1791443064,triage-ollama-1,0.01%,5.033GiB / 9.701GiB
1791443070,triage-triage-1,0.31%,39.89MiB / 9.701GiB
1791443070,triage-ollama-1,0.01%,5.032GiB / 9.701GiB
1791443077,triage-triage-1,0.30%,39.89MiB / 9.701GiB
1791443077,triage-ollama-1,0.01%,5.032GiB / 9.701GiB
1791443084,triage-triage-1,0.30%,39.89MiB / 9.701GiB
1791443084,triage-ollama-1,2.60%,5.032GiB / 9.701GiB
1791443090,triage-triage-1,0.31%,39.89MiB / 9.701GiB
1791443090,triage-ollama-1,0.00%,5.032GiB / 9.701GiB
1791443097,triage-triage-1,0.30%,39.89MiB / 9.701GiB
1791443097,triage-ollama-1,0.01%,5.032GiB / 9.701GiB
1791443104,triage-triage-1,0.23%,39.89MiB / 9.701GiB
1791443104,triage-ollama-1,0.01%,5.032GiB / 9.701GiB
1791443111,triage-triage-1,0.29%,39.89MiB / 9.701GiB
1791443111,triage-ollama-1,0.01%,5.032GiB / 9.701GiB
1791443118,triage-triage-1,0.23%,39.89MiB / 9.701GiB
1791443118,triage-ollama-1,0.01%,5.033GiB / 9.701GiB
1791443125,triage-triage-1,0.29%,39.89MiB / 9.701GiB
1791443125,triage-ollama-1,0.01%,5.033GiB / 9.701GiB
1791443132,triage-triage-1,0.25%,39.89MiB / 9.701GiB
1791443132,triage-ollama-1,0.01%,5.033GiB / 9.701GiB
1791443138,triage-triage-1,0.22%,39.89MiB / 9.701GiB
1791443138,triage-ollama-1,3.21%,5.032GiB / 9.701GiB
1791443145,triage-triage-1,0.28%,39.89MiB / 9.701GiB
1791443145,triage-ollama-1,0.01%,5.032GiB / 9.701GiB
1791443152,triage-triage-1,0.28%,39.89MiB / 9.701GiB
1791443152,triage-ollama-1,0.01%,5.032GiB / 9.701GiB
1791443159,triage-triage-1,0.31%,39.89MiB / 9.701GiB
1791443159,triage-ollama-1,3.53%,5.033GiB / 9.701GiB
1791443166,triage-triage-1,0.32%,39.89MiB / 9.701GiB
1791443166,triage-ollama-1,0.01%,5.033GiB / 9.701GiB
1791443173,triage-triage-1,0.27%,39.89MiB / 9.701GiB
1791443173,triage-ollama-1,0.01%,5.033GiB / 9.701GiB
1791443179,triage-triage-1,0.28%,39.89MiB / 9.701GiB
1791443179,triage-ollama-1,3.11%,5.033GiB / 9.701GiB
1791443185,triage-triage-1,0.16%,39.89MiB / 9.701GiB
1791443185,triage-ollama-1,0.00%,5.032GiB / 9.701GiB
1791443192,triage-triage-1,0.17%,39.89MiB / 9.701GiB
1791443192,triage-ollama-1,0.01%,5.033GiB / 9.701GiB
1791443199,triage-triage-1,0.17%,39.89MiB / 9.701GiB
1791443199,triage-ollama-1,2.61%,5.032GiB / 9.701GiB
1791443206,triage-triage-1,0.19%,39.89MiB / 9.701GiB
1791443206,triage-ollama-1,0.01%,5.032GiB / 9.701GiB
1791443213,triage-triage-1,0.20%,39.89MiB / 9.701GiB
1791443213,triage-ollama-1,0.01%,5.032GiB / 9.701GiB
1791443219,triage-triage-1,0.23%,39.89MiB / 9.701GiB
1791443219,triage-ollama-1,0.01%,5.032GiB / 9.701GiB
1791443225,triage-triage-1,0.28%,39.89MiB / 9.701GiB
1791443225,triage-ollama-1,0.01%,5.033GiB / 9.701GiB
1791443232,triage-triage-1,0.35%,39.89MiB / 9.701GiB
1791443232,triage-ollama-1,0.01%,5.033GiB / 9.701GiB
1791443239,triage-triage-1,0.30%,39.89MiB / 9.701GiB
1791443239,triage-ollama-1,0.01%,5.032GiB / 9.701GiB
1791443245,triage-triage-1,0.40%,39.89MiB / 9.701GiB
1791443245,triage-ollama-1,0.01%,5.033GiB / 9.701GiB
1791443252,triage-triage-1,0.31%,39.89MiB / 9.701GiB
1791443252,triage-ollama-1,0.01%,5.033GiB / 9.701GiB
1791443258,triage-triage-1,0.26%,39.89MiB / 9.701GiB
1791443258,triage-ollama-1,0.01%,5.032GiB / 9.701GiB
1791443264,triage-triage-1,0.24%,39.89MiB / 9.701GiB
1791443264,triage-ollama-1,0.01%,5.033GiB / 9.701GiB
1791443271,triage-triage-1,0.24%,39.89MiB / 9.701GiB
1791443271,triage-ollama-1,0.01%,5.033GiB / 9.701GiB
1791443278,triage-triage-1,0.25%,39.89MiB / 9.701GiB
1791443278,triage-ollama-1,0.01%,5.032GiB / 9.701GiB
1791443286,triage-triage-1,0.21%,39.89MiB / 9.701GiB
1791443286,triage-ollama-1,0.01%,5.032GiB / 9.701GiB
1791443292,triage-triage-1,0.27%,39.89MiB / 9.701GiB
1791443292,triage-ollama-1,0.01%,5.032GiB / 9.701GiB
1791443299,triage-triage-1,0.24%,39.89MiB / 9.701GiB
1791443299,triage-ollama-1,0.01%,5.032GiB / 9.701GiB
1791443306,triage-triage-1,0.21%,39.89MiB / 9.701GiB
1791443306,triage-ollama-1,0.01%,5.032GiB / 9.701GiB
1791443313,triage-triage-1,0.23%,39.89MiB / 9.701GiB
1791443313,triage-ollama-1,0.01%,5.032GiB / 9.701GiB
1791443319,triage-triage-1,0.28%,39.89MiB / 9.701GiB
1791443319,triage-ollama-1,2.83%,5.032GiB / 9.701GiB
1791443326,triage-triage-1,0.29%,39.89MiB / 9.701GiB
1791443326,triage-ollama-1,0.01%,5.033GiB / 9.701GiB
1791443333,triage-triage-1,0.25%,39.89MiB / 9.701GiB
1791443333,triage-ollama-1,0.01%,5.032GiB / 9.701GiB
1791443339,triage-triage-1,0.29%,39.89MiB / 9.701GiB
1791443339,triage-ollama-1,0.01%,5.032GiB / 9.701GiB
1791443346,triage-triage-1,0.25%,39.89MiB / 9.701GiB
1791443346,triage-ollama-1,0.01%,5.033GiB / 9.701GiB
1791443353,triage-triage-1,0.22%,39.89MiB / 9.701GiB
1791443353,triage-ollama-1,0.01%,5.032GiB / 9.701GiB
1791443360,triage-triage-1,0.27%,39.89MiB / 9.701GiB
1791443360,triage-ollama-1,0.01%,5.032GiB / 9.701GiB
1791443367,triage-triage-1,0.21%,39.89MiB / 9.701GiB
1791443367,triage-ollama-1,0.01%,5.032GiB / 9.701GiB
1791443374,triage-triage-1,0.26%,39.89MiB / 9.701GiB
1791443374,triage-ollama-1,0.00%,5.032GiB / 9.701GiB
1791443380,triage-triage-1,0.20%,39.89MiB / 9.701GiB
1791443380,triage-ollama-1,0.01%,5.032GiB / 9.701GiB
1791443386,triage-triage-1,0.24%,39.89MiB / 9.701GiB
1791443386,triage-ollama-1,0.00%,5.032GiB / 9.701GiB
1791443393,triage-triage-1,0.24%,39.89MiB / 9.701GiB
1791443393,triage-ollama-1,0.00%,5.032GiB / 9.701GiB
1791443399,triage-triage-1,0.27%,39.89MiB / 9.701GiB
1791443399,triage-ollama-1,0.01%,5.032GiB / 9.701GiB
1791443405,triage-triage-1,0.26%,39.89MiB / 9.701GiB
1791443405,triage-ollama-1,2.67%,5.032GiB / 9.701GiB
1791443412,triage-triage-1,0.22%,39.89MiB / 9.701GiB
1791443412,triage-ollama-1,0.01%,5.032GiB / 9.701GiB
1791443418,triage-triage-1,0.26%,39.89MiB / 9.701GiB
1791443418,triage-ollama-1,0.00%,5.032GiB / 9.701GiB
1791443425,triage-triage-1,0.25%,39.89MiB / 9.701GiB
1791443425,triage-ollama-1,3.06%,5.033GiB / 9.701GiB
1791443432,triage-triage-1,0.22%,39.89MiB / 9.701GiB
1791443432,triage-ollama-1,0.00%,5.032GiB / 9.701GiB
1791443438,triage-triage-1,0.24%,39.89MiB / 9.701GiB
1791443438,triage-ollama-1,0.01%,5.032GiB / 9.701GiB
1791443445,triage-triage-1,0.27%,39.89MiB / 9.701GiB
1791443445,triage-ollama-1,3.13%,5.033GiB / 9.701GiB
1791443452,triage-triage-1,0.32%,39.89MiB / 9.701GiB
1791443452,triage-ollama-1,0.00%,5.032GiB / 9.701GiB
1791443459,triage-triage-1,0.29%,39.89MiB / 9.701GiB
1791443459,triage-ollama-1,0.01%,5.032GiB / 9.701GiB
1791443465,triage-triage-1,0.26%,39.89MiB / 9.701GiB
1791443465,triage-ollama-1,0.01%,5.032GiB / 9.701GiB
1791443472,triage-triage-1,0.27%,39.89MiB / 9.701GiB
1791443472,triage-ollama-1,5.49%,5.033GiB / 9.701GiB
1791443479,triage-triage-1,0.28%,39.89MiB / 9.701GiB
1791443479,triage-ollama-1,0.01%,5.032GiB / 9.701GiB
1791443486,triage-triage-1,0.22%,39.89MiB / 9.701GiB
1791443486,triage-ollama-1,3.24%,5.033GiB / 9.701GiB
1791443493,triage-triage-1,0.24%,39.89MiB / 9.701GiB
1791443493,triage-ollama-1,0.01%,5.032GiB / 9.701GiB
1791443500,triage-triage-1,0.25%,39.89MiB / 9.701GiB
1791443500,triage-ollama-1,0.01%,5.033GiB / 9.701GiB
1791443506,triage-triage-1,0.24%,39.89MiB / 9.701GiB
1791443506,triage-ollama-1,2.85%,5.033GiB / 9.701GiB
1791443513,triage-triage-1,0.21%,39.89MiB / 9.701GiB
1791443513,triage-ollama-1,0.01%,5.032GiB / 9.701GiB
1791443519,triage-triage-1,0.24%,39.89MiB / 9.701GiB
1791443519,triage-ollama-1,0.01%,5.033GiB / 9.701GiB
1791443525,triage-triage-1,0.26%,39.89MiB / 9.701GiB
1791443525,triage-ollama-1,0.01%,5.032GiB / 9.701GiB
1791443532,triage-triage-1,0.27%,39.89MiB / 9.701GiB
1791443532,triage-ollama-1,2.87%,5.033GiB / 9.701GiB
1791443538,triage-triage-1,0.25%,39.89MiB / 9.701GiB
1791443538,triage-ollama-1,0.01%,5.033GiB / 9.701GiB
1791443544,triage-triage-1,0.29%,39.89MiB / 9.701GiB
1791443544,triage-ollama-1,0.01%,5.032GiB / 9.701GiB
1791443552,triage-triage-1,0.24%,39.89MiB / 9.701GiB
1791443552,triage-ollama-1,0.01%,5.032GiB / 9.701GiB
1791443558,triage-triage-1,0.25%,39.89MiB / 9.701GiB
1791443558,triage-ollama-1,0.01%,5.032GiB / 9.701GiB
1791443564,triage-triage-1,0.23%,39.89MiB / 9.701GiB
1791443564,triage-ollama-1,0.01%,5.032GiB / 9.701GiB
1791443571,triage-triage-1,0.23%,39.89MiB / 9.701GiB
1791443571,triage-ollama-1,0.01%,5.032GiB / 9.701GiB
1791443578,triage-triage-1,0.26%,39.89MiB / 9.701GiB
1791443578,triage-ollama-1,2.84%,5.032GiB / 9.701GiB
1791443584,triage-triage-1,0.29%,39.89MiB / 9.701GiB
1791443584,triage-ollama-1,0.01%,5.032GiB / 9.701GiB
1791443591,triage-triage-1,0.24%,39.89MiB / 9.701GiB
1791443591,triage-ollama-1,0.01%,5.032GiB / 9.701GiB
1791443599,triage-triage-1,0.30%,39.89MiB / 9.701GiB
1791443599,triage-ollama-1,0.01%,5.033GiB / 9.701GiB
1791443606,triage-triage-1,0.25%,39.89MiB / 9.701GiB
1791443606,triage-ollama-1,0.00%,5.032GiB / 9.701GiB
1791443612,triage-triage-1,0.20%,39.89MiB / 9.701GiB
1791443612,triage-ollama-1,0.00%,5.032GiB / 9.701GiB
1791443618,triage-triage-1,0.22%,39.89MiB / 9.701GiB
1791443618,triage-ollama-1,2.86%,5.033GiB / 9.701GiB
1791443624,triage-triage-1,0.24%,39.89MiB / 9.701GiB
1791443624,triage-ollama-1,0.01%,5.032GiB / 9.701GiB
1791443631,triage-triage-1,0.26%,39.89MiB / 9.701GiB
1791443631,triage-ollama-1,0.01%,5.032GiB / 9.701GiB
1791443637,triage-triage-1,0.24%,39.89MiB / 9.701GiB
1791443637,triage-ollama-1,0.01%,5.032GiB / 9.701GiB
1791443643,triage-triage-1,0.24%,39.89MiB / 9.701GiB
1791443643,triage-ollama-1,2.73%,5.032GiB / 9.701GiB
1791443649,triage-triage-1,0.25%,39.89MiB / 9.701GiB
1791443649,triage-ollama-1,0.00%,5.032GiB / 9.701GiB
1791443657,triage-triage-1,0.20%,39.89MiB / 9.701GiB
1791443657,triage-ollama-1,0.00%,5.032GiB / 9.701GiB
1791443663,triage-triage-1,0.20%,39.89MiB / 9.701GiB
1791443663,triage-ollama-1,0.01%,5.032GiB / 9.701GiB
1791443670,triage-triage-1,0.20%,39.89MiB / 9.701GiB
1791443670,triage-ollama-1,0.02%,5.033GiB / 9.701GiB
1791443678,triage-triage-1,0.23%,39.89MiB / 9.701GiB
1791443678,triage-ollama-1,2.82%,5.033GiB / 9.701GiB
1791443684,triage-triage-1,0.20%,39.89MiB / 9.701GiB
1791443684,triage-ollama-1,0.01%,5.032GiB / 9.701GiB
1791443691,triage-triage-1,0.25%,39.89MiB / 9.701GiB
1791443691,triage-ollama-1,0.01%,5.032GiB / 9.701GiB
