1791459253,triage-triage-1,0.30%,35.55MiB / 9.701GiB
1791459253,triage-ollama-1,0.01%,4.734GiB / 9.701GiB
1791459260,triage-triage-1,0.21%,35.54MiB / 9.701GiB
1791459260,triage-ollama-1,0.00%,4.734GiB / 9.701GiB
1791459266,triage-triage-1,0.22%,35.54MiB / 9.701GiB
1791459266,triage-ollama-1,4.09%,4.734GiB / 9.701GiB
1791459272,triage-triage-1,0.31%,35.54MiB / 9.701GiB
1791459272,triage-ollama-1,0.01%,4.734GiB / 9.701GiB
1791459278,triage-triage-1,0.25%,35.54MiB / 9.701GiB
1791459278,triage-ollama-1,0.01%,4.734GiB / 9.701GiB
1791459285,triage-triage-1,0.40%,36.23MiB / 9.701GiB
1791459285,triage-ollama-1,1003.99%,4.783GiB / 9.701GiB
1791459291,triage-triage-1,0.07%,36.72MiB / 9.701GiB
1791459291,triage-ollama-1,996.61%,4.856GiB / 9.701GiB
1791459298,triage-triage-1,0.09%,37.36MiB / 9.701GiB
1791459298,triage-ollama-1,1000.50%,4.907GiB / 9.701GiB
1791459305,triage-triage-1,0.13%,37.58MiB / 9.701GiB
1791459305,triage-ollama-1,1048.36%,4.942GiB / 9.701GiB
1791459312,triage-triage-1,0.51%,37.5MiB / 9.701GiB
1791459312,triage-ollama-1,1006.50%,4.95GiB / 9.701GiB
1791459319,triage-triage-1,0.10%,37.95MiB / 9.701GiB
1791459319,triage-ollama-1,1033.13%,4.976GiB / 9.701GiB
1791459326,triage-triage-1,0.14%,37.93MiB / 9.701GiB
1791459326,triage-ollama-1,1064.99%,5.004GiB / 9.701GiB
1791459333,triage-triage-1,0.12%,38.39MiB / 9.701GiB
1791459333,triage-ollama-1,1088.99%,5.032GiB / 9.701GiB
1791459340,triage-triage-1,1.32%,38.36MiB / 9.701GiB
1791459340,triage-ollama-1,1032.48%,5.075GiB / 9.701GiB
1791459347,triage-triage-1,0.23%,38.31MiB / 9.701GiB
1791459347,triage-ollama-1,3.90%,5.093GiB / 9.701GiB
1791459354,triage-triage-1,0.08%,38.53MiB / 9.701GiB
1791459354,triage-ollama-1,1005.86%,5.093GiB / 9.701GiB
1791459361,triage-triage-1,0.10%,38.5MiB / 9.701GiB
1791459361,triage-ollama-1,482.51%,5.11GiB / 9.701GiB
1791459368,triage-triage-1,0.24%,38.73MiB / 9.701GiB
1791459368,triage-ollama-1,0.01%,5.11GiB / 9.701GiB
1791459375,triage-triage-1,0.31%,38.92MiB / 9.701GiB
1791459375,triage-ollama-1,0.01%,5.13GiB / 9.701GiB
1791459381,triage-triage-1,1.51%,39.17MiB / 9.701GiB
1791459381,triage-ollama-1,549.50%,5.143GiB / 9.701GiB
1791459387,triage-triage-1,0.39%,39.29MiB / 9.701GiB
1791459387,triage-ollama-1,1011.60%,5.155GiB / 9.701GiB
1791459394,triage-triage-1,0.58%,39.54MiB / 9.701GiB
1791459394,triage-ollama-1,998.52%,5.204GiB / 9.701GiB
1791459401,triage-triage-1,1.12%,39.46MiB / 9.701GiB
1791459401,triage-ollama-1,1059.10%,5.204GiB / 9.701GiB
1791459408,triage-triage-1,0.10%,39.43MiB / 9.701GiB
1791459408,triage-ollama-1,998.05%,5.238GiB / 9.701GiB
1791459415,triage-triage-1,0.68%,39.63MiB / 9.701GiB
1791459415,triage-ollama-1,0.01%,5.238GiB / 9.701GiB
1791459421,triage-triage-1,0.29%,39.61MiB / 9.701GiB
1791459421,triage-ollama-1,959.25%,5.279GiB / 9.701GiB
1791459428,triage-triage-1,0.15%,39.78MiB / 9.701GiB
1791459428,triage-ollama-1,1002.15%,5.298GiB / 9.701GiB
1791459435,triage-triage-1,0.12%,39.99MiB / 9.701GiB
1791459435,triage-ollama-1,974.15%,5.315GiB / 9.701GiB
1791459442,triage-triage-1,0.28%,39.96MiB / 9.701GiB
1791459442,triage-ollama-1,0.02%,5.315GiB / 9.701GiB
1791459448,triage-triage-1,0.21%,39.95MiB / 9.701GiB
1791459448,triage-ollama-1,6.03%,5.316GiB / 9.701GiB
1791459455,triage-triage-1,0.30%,40.14MiB / 9.701GiB
1791459455,triage-ollama-1,997.50%,5.344GiB / 9.701GiB
1791459462,triage-triage-1,0.30%,40.11MiB / 9.701GiB
1791459462,triage-ollama-1,0.01%,5.344GiB / 9.701GiB
1791459469,triage-triage-1,0.11%,40.1MiB / 9.701GiB
1791459469,triage-ollama-1,1004.03%,5.344GiB / 9.701GiB
1791459477,triage-triage-1,0.25%,40.33MiB / 9.701GiB
1791459477,triage-ollama-1,0.01%,5.343GiB / 9.701GiB
1791459483,triage-triage-1,0.97%,40.32MiB / 9.701GiB
1791459483,triage-ollama-1,453.84%,5.373GiB / 9.701GiB
1791459489,triage-triage-1,0.73%,40.25MiB / 9.701GiB
1791459489,triage-ollama-1,1001.99%,5.374GiB / 9.701GiB
1791459496,triage-triage-1,0.26%,40.22MiB / 9.701GiB
1791459496,triage-ollama-1,0.01%,5.374GiB / 9.701GiB
1791459503,triage-triage-1,0.17%,40.19MiB / 9.701GiB
1791459503,triage-ollama-1,897.87%,5.388GiB / 9.701GiB
1791459510,triage-triage-1,1.54%,40.37MiB / 9.701GiB
1791459510,triage-ollama-1,5.14%,5.408GiB / 9.701GiB
1791459517,triage-triage-1,0.23%,40.36MiB / 9.701GiB
1791459517,triage-ollama-1,0.00%,5.407GiB / 9.701GiB
1791459524,triage-triage-1,0.19%,40.35MiB / 9.701GiB
1791459524,triage-ollama-1,987.50%,5.454GiB / 9.701GiB
1791459531,triage-triage-1,0.83%,40.27MiB / 9.701GiB
1791459531,triage-ollama-1,548.49%,5.455GiB / 9.701GiB
1791459537,triage-triage-1,0.23%,40.23MiB / 9.701GiB
1791459537,triage-ollama-1,0.01%,5.454GiB / 9.701GiB
1791459544,triage-triage-1,0.53%,40.23MiB / 9.701GiB
1791459544,triage-ollama-1,815.72%,5.455GiB / 9.701GiB
1791459550,triage-triage-1,0.87%,40.37MiB / 9.701GiB
1791459550,triage-ollama-1,255.36%,5.454GiB / 9.701GiB
1791459556,triage-triage-1,0.25%,40.37MiB / 9.701GiB
1791459556,triage-ollama-1,1043.60%,5.47GiB / 9.701GiB
1791459563,triage-triage-1,0.29%,40.34MiB / 9.701GiB
1791459563,triage-ollama-1,0.01%,5.501GiB / 9.701GiB
1791459570,triage-triage-1,0.21%,40.32MiB / 9.701GiB
1791459570,triage-ollama-1,163.78%,5.491GiB / 9.701GiB
1791459578,triage-triage-1,0.27%,40.2MiB / 9.701GiB
1791459578,triage-ollama-1,742.53%,5.524GiB / 9.701GiB
1791459584,triage-triage-1,0.24%,40.22MiB / 9.701GiB
1791459584,triage-ollama-1,0.01%,5.524GiB / 9.701GiB
1791459590,triage-triage-1,0.69%,40.2MiB / 9.701GiB
1791459590,triage-ollama-1,998.69%,5.565GiB / 9.701GiB
1791459597,triage-triage-1,0.46%,40.62MiB / 9.701GiB
1791459597,triage-ollama-1,794.51%,5.565GiB / 9.701GiB
1791459604,triage-triage-1,0.25%,40.6MiB / 9.701GiB
1791459604,triage-ollama-1,0.05%,5.565GiB / 9.701GiB
1791459611,triage-triage-1,0.81%,40.59MiB / 9.701GiB
1791459611,triage-ollama-1,337.82%,5.565GiB / 9.701GiB
1791459618,triage-triage-1,0.08%,40.78MiB / 9.701GiB
1791459618,triage-ollama-1,1002.76%,5.564GiB / 9.701GiB
1791459624,triage-triage-1,0.31%,40.5MiB / 9.701GiB
1791459624,triage-ollama-1,0.01%,5.586GiB / 9.701GiB
1791459631,triage-triage-1,0.27%,40.47MiB / 9.701GiB
1791459631,triage-ollama-1,505.80%,5.601GiB / 9.701GiB
1791459637,triage-triage-1,0.26%,40.42MiB / 9.701GiB
1791459637,triage-ollama-1,0.03%,5.602GiB / 9.701GiB
1791459644,triage-triage-1,0.28%,40.42MiB / 9.701GiB
1791459644,triage-ollama-1,0.01%,5.602GiB / 9.701GiB
1791459650,triage-triage-1,0.22%,40.41MiB / 9.701GiB
1791459650,triage-ollama-1,406.76%,5.616GiB / 9.701GiB
1791459657,triage-triage-1,0.11%,40.57MiB / 9.701GiB
1791459657,triage-ollama-1,1003.39%,5.631GiB / 9.701GiB
1791459664,triage-triage-1,0.70%,40.82MiB / 9.701GiB
1791459664,triage-ollama-1,0.00%,5.646GiB / 9.701GiB
1791459670,triage-triage-1,1.13%,41.03MiB / 9.701GiB
1791459670,triage-ollama-1,1035.81%,5.646GiB / 9.701GiB
1791459678,triage-triage-1,2.84%,41.47MiB / 9.701GiB
1791459678,triage-ollama-1,999.71%,5.67GiB / 9.701GiB
1791459684,triage-triage-1,0.32%,41.43MiB / 9.701GiB
1791459684,triage-ollama-1,0.00%,5.669GiB / 9.701GiB
1791459690,triage-triage-1,0.27%,41.15MiB / 9.701GiB
1791459690,triage-ollama-1,168.53%,5.686GiB / 9.701GiB
1791459698,triage-triage-1,0.24%,40.88MiB / 9.701GiB
1791459698,triage-ollama-1,7.08%,5.687GiB / 9.701GiB
1791459704,triage-triage-1,0.29%,40.88MiB / 9.701GiB
1791459704,triage-ollama-1,0.02%,5.687GiB / 9.701GiB
1791459711,triage-triage-1,0.07%,41.32MiB / 9.701GiB
1791459711,triage-ollama-1,998.73%,5.716GiB / 9.701GiB
1791459718,triage-triage-1,0.27%,41.3MiB / 9.701GiB
1791459718,triage-ollama-1,825.36%,5.747GiB / 9.701GiB
1791459725,triage-triage-1,0.26%,41.28MiB / 9.701GiB
1791459725,triage-ollama-1,0.01%,5.747GiB / 9.701GiB
1791459731,triage-triage-1,0.38%,40.97MiB / 9.701GiB
1791459731,triage-ollama-1,351.84%,5.767GiB / 9.701GiB
1791459738,triage-triage-1,0.13%,40.86MiB / 9.701GiB
1791459738,triage-ollama-1,1007.19%,5.768GiB / 9.701GiB
1791459745,triage-triage-1,0.21%,40.88MiB / 9.701GiB
1791459745,triage-ollama-1,0.01%,5.79GiB / 9.701GiB
1791459752,triage-triage-1,0.29%,40.87MiB / 9.701GiB
1791459752,triage-ollama-1,0.01%,5.79GiB / 9.701GiB
1791459758,triage-triage-1,0.76%,40.86MiB / 9.701GiB
1791459758,triage-ollama-1,3.38%,5.79GiB / 9.701GiB
1791459765,triage-triage-1,0.09%,41.05MiB / 9.701GiB
1791459765,triage-ollama-1,1000.31%,5.842GiB / 9.701GiB
1791459772,triage-triage-1,0.26%,41.04MiB / 9.701GiB
1791459772,triage-ollama-1,0.01%,5.841GiB / 9.701GiB
1791459779,triage-triage-1,0.55%,41.03MiB / 9.701GiB
1791459779,triage-ollama-1,478.13%,5.861GiB / 9.701GiB
1791459786,triage-triage-1,0.11%,40.16MiB / 9.701GiB
1791459786,triage-ollama-1,1002.01%,5.909GiB / 9.701GiB
1791459793,triage-triage-1,0.11%,40.12MiB / 9.701GiB
1791459793,triage-ollama-1,284.41%,5.935GiB / 9.701GiB
1791459800,triage-triage-1,0.72%,40.06MiB / 9.701GiB
1791459800,triage-ollama-1,0.03%,5.935GiB / 9.701GiB
1791459807,triage-triage-1,0.78%,40.28MiB / 9.701GiB
1791459807,triage-ollama-1,0.01%,5.935GiB / 9.701GiB
1791459814,triage-triage-1,0.27%,40.45MiB / 9.701GiB
1791459814,triage-ollama-1,997.37%,5.936GiB / 9.701GiB
1791459821,triage-triage-1,0.20%,40.45MiB / 9.701GiB
1791459821,triage-ollama-1,0.00%,5.935GiB / 9.701GiB
1791459827,triage-triage-1,0.10%,40.42MiB / 9.701GiB
1791459827,triage-ollama-1,1001.62%,5.938GiB / 9.701GiB
1791459834,triage-triage-1,0.17%,40.38MiB / 9.701GiB
1791459834,triage-ollama-1,1001.56%,5.97GiB / 9.701GiB
1791459841,triage-triage-1,0.30%,40.34MiB / 9.701GiB
1791459841,triage-ollama-1,0.01%,5.971GiB / 9.701GiB
1791459848,triage-triage-1,0.22%,40.33MiB / 9.701GiB
1791459848,triage-ollama-1,0.01%,5.971GiB / 9.701GiB
1791459855,triage-triage-1,0.28%,40.32MiB / 9.701GiB
1791459855,triage-ollama-1,586.48%,5.97GiB / 9.701GiB
1791459862,triage-triage-1,0.90%,40.32MiB / 9.701GiB
1791459862,triage-ollama-1,584.96%,5.97GiB / 9.701GiB
1791459869,triage-triage-1,0.23%,40.79MiB / 9.701GiB
1791459869,triage-ollama-1,0.01%,5.97GiB / 9.701GiB
1791459875,triage-triage-1,0.09%,41.01MiB / 9.701GiB
1791459875,triage-ollama-1,1004.01%,5.988GiB / 9.701GiB
1791459883,triage-triage-1,0.22%,41.2MiB / 9.701GiB
1791459883,triage-ollama-1,0.01%,6.007GiB / 9.701GiB
1791459889,triage-triage-1,0.22%,41.2MiB / 9.701GiB
1791459889,triage-ollama-1,0.01%,6.007GiB / 9.701GiB
1791459895,triage-triage-1,0.36%,41.17MiB / 9.701GiB
1791459895,triage-ollama-1,0.01%,6.007GiB / 9.701GiB
1791459901,triage-triage-1,1.40%,40.9MiB / 9.701GiB
1791459901,triage-ollama-1,997.73%,6.008GiB / 9.701GiB
1791459908,triage-triage-1,0.43%,40.87MiB / 9.701GiB
1791459908,triage-ollama-1,1000.10%,6.033GiB / 9.701GiB
1791459915,triage-triage-1,0.10%,40.81MiB / 9.701GiB
1791459915,triage-ollama-1,994.56%,6.033GiB / 9.701GiB
1791459922,triage-triage-1,0.12%,40.78MiB / 9.701GiB
1791459922,triage-ollama-1,977.29%,6.102GiB / 9.701GiB
1791459929,triage-triage-1,0.11%,40.74MiB / 9.701GiB
1791459929,triage-ollama-1,535.87%,6.12GiB / 9.701GiB
1791459937,triage-triage-1,0.21%,40.72MiB / 9.701GiB
1791459937,triage-ollama-1,4.48%,6.12GiB / 9.701GiB
1791459943,triage-triage-1,0.25%,40.92MiB / 9.701GiB
1791459943,triage-ollama-1,0.01%,6.133GiB / 9.701GiB
1791459949,triage-triage-1,0.08%,40.92MiB / 9.701GiB
1791459949,triage-ollama-1,1002.34%,6.133GiB / 9.701GiB
1791459957,triage-triage-1,0.12%,41.3MiB / 9.701GiB
1791459957,triage-ollama-1,1003.77%,6.175GiB / 9.701GiB
1791459963,triage-triage-1,0.22%,41.02MiB / 9.701GiB
1791459963,triage-ollama-1,1005.31%,6.225GiB / 9.701GiB
1791459970,triage-triage-1,0.31%,41.23MiB / 9.701GiB
1791459970,triage-ollama-1,0.03%,6.226GiB / 9.701GiB
1791459976,triage-triage-1,0.24%,41.23MiB / 9.701GiB
1791459976,triage-ollama-1,0.01%,6.226GiB / 9.701GiB
1791459983,triage-triage-1,0.83%,41.46MiB / 9.701GiB
1791459983,triage-ollama-1,289.52%,6.226GiB / 9.701GiB
1791459989,triage-triage-1,0.33%,41.38MiB / 9.701GiB
1791459989,triage-ollama-1,1002.88%,6.259GiB / 9.701GiB
1791459996,triage-triage-1,0.08%,41.36MiB / 9.701GiB
1791459996,triage-ollama-1,1003.18%,6.276GiB / 9.701GiB
1791460003,triage-triage-1,0.21%,41.29MiB / 9.701GiB
1791460003,triage-ollama-1,5.00%,6.304GiB / 9.701GiB
1791460009,triage-triage-1,0.73%,41.27MiB / 9.701GiB
1791460009,triage-ollama-1,0.01%,6.316GiB / 9.701GiB
1791460017,triage-triage-1,1.05%,41.74MiB / 9.701GiB
1791460017,triage-ollama-1,205.70%,6.338GiB / 9.701GiB
1791460023,triage-triage-1,0.24%,41.65MiB / 9.701GiB
1791460023,triage-ollama-1,4.39%,6.34GiB / 9.701GiB
1791460030,triage-triage-1,0.24%,41.64MiB / 9.701GiB
1791460030,triage-ollama-1,0.01%,6.34GiB / 9.701GiB
1791460036,triage-triage-1,3.29%,41.87MiB / 9.701GiB
1791460036,triage-ollama-1,452.48%,6.34GiB / 9.701GiB
1791460043,triage-triage-1,0.22%,42.11MiB / 9.701GiB
1791460043,triage-ollama-1,0.01%,6.34GiB / 9.701GiB
1791460049,triage-triage-1,0.15%,42.35MiB / 9.701GiB
1791460049,triage-ollama-1,141.11%,6.339GiB / 9.701GiB
1791460056,triage-triage-1,0.31%,42.59MiB / 9.701GiB
1791460056,triage-ollama-1,0.02%,6.339GiB / 9.701GiB
1791460064,triage-triage-1,0.17%,42.56MiB / 9.701GiB
1791460064,triage-ollama-1,1006.36%,6.361GiB / 9.701GiB
1791460071,triage-triage-1,0.22%,41.94MiB / 9.701GiB
1791460071,triage-ollama-1,1003.70%,6.379GiB / 9.701GiB
1791460078,triage-triage-1,0.27%,41.92MiB / 9.701GiB
1791460078,triage-ollama-1,998.52%,6.417GiB / 9.701GiB
1791460084,triage-triage-1,0.10%,42.12MiB / 9.701GiB
1791460084,triage-ollama-1,1002.85%,6.443GiB / 9.701GiB
1791460091,triage-triage-1,0.10%,42.07MiB / 9.701GiB
1791460091,triage-ollama-1,931.47%,6.482GiB / 9.701GiB
1791460097,triage-triage-1,0.10%,42.04MiB / 9.701GiB
1791460097,triage-ollama-1,1005.09%,6.5GiB / 9.701GiB
1791460104,triage-triage-1,0.24%,42.03MiB / 9.701GiB
1791460104,triage-ollama-1,0.01%,6.5GiB / 9.701GiB
1791460110,triage-triage-1,0.25%,42.03MiB / 9.701GiB
1791460110,triage-ollama-1,3.07%,6.5GiB / 9.701GiB
1791460117,triage-triage-1,0.12%,41.97MiB / 9.701GiB
1791460117,triage-ollama-1,1003.53%,6.532GiB / 9.701GiB
1791460123,triage-triage-1,1.04%,41.96MiB / 9.701GiB
1791460123,triage-ollama-1,0.01%,6.532GiB / 9.701GiB
1791460130,triage-triage-1,0.30%,41.95MiB / 9.701GiB
1791460130,triage-ollama-1,3.93%,6.531GiB / 9.701GiB
1791460137,triage-triage-1,0.23%,41.95MiB / 9.701GiB
1791460137,triage-ollama-1,0.01%,6.531GiB / 9.701GiB
1791460144,triage-triage-1,0.22%,41.95MiB / 9.701GiB
1791460144,triage-ollama-1,0.01%,6.53GiB / 9.701GiB
1791460150,triage-triage-1,0.80%,41.95MiB / 9.701GiB
1791460150,triage-ollama-1,752.12%,6.531GiB / 9.701GiB
1791460156,triage-triage-1,0.23%,42.17MiB / 9.701GiB
1791460156,triage-ollama-1,0.01%,6.531GiB / 9.701GiB
1791460163,triage-triage-1,0.20%,42.17MiB / 9.701GiB
1791460163,triage-ollama-1,0.00%,6.531GiB / 9.701GiB
1791460170,triage-triage-1,0.25%,42.17MiB / 9.701GiB
1791460170,triage-ollama-1,2.91%,6.531GiB / 9.701GiB
1791460177,triage-triage-1,0.23%,42.17MiB / 9.701GiB
1791460177,triage-ollama-1,0.01%,6.53GiB / 9.701GiB
1791460184,triage-triage-1,0.20%,42.17MiB / 9.701GiB
1791460184,triage-ollama-1,0.01%,6.531GiB / 9.701GiB
1791460191,triage-triage-1,0.20%,42.17MiB / 9.701GiB
1791460191,triage-ollama-1,3.11%,6.532GiB / 9.701GiB
1791460197,triage-triage-1,0.25%,42.17MiB / 9.701GiB
1791460197,triage-ollama-1,0.01%,6.531GiB / 9.701GiB
1791460204,triage-triage-1,0.22%,42.17MiB / 9.701GiB
1791460204,triage-ollama-1,0.01%,6.531GiB / 9.701GiB
1791460211,triage-triage-1,0.23%,42.17MiB / 9.701GiB
1791460211,triage-ollama-1,3.62%,6.531GiB / 9.701GiB
1791460217,triage-triage-1,0.18%,42.17MiB / 9.701GiB
1791460217,triage-ollama-1,0.01%,6.531GiB / 9.701GiB
1791460224,triage-triage-1,0.25%,42.17MiB / 9.701GiB
1791460224,triage-ollama-1,0.01%,6.531GiB / 9.701GiB
1791460230,triage-triage-1,0.23%,42.17MiB / 9.701GiB
1791460230,triage-ollama-1,0.01%,6.532GiB / 9.701GiB
1791460236,triage-triage-1,0.33%,42.17MiB / 9.701GiB
1791460236,triage-ollama-1,0.01%,6.531GiB / 9.701GiB
1791460243,triage-triage-1,0.25%,42.17MiB / 9.701GiB
1791460243,triage-ollama-1,0.01%,6.532GiB / 9.701GiB
1791460249,triage-triage-1,0.26%,42.17MiB / 9.701GiB
1791460249,triage-ollama-1,0.00%,6.531GiB / 9.701GiB
1791460256,triage-triage-1,0.29%,42.17MiB / 9.701GiB
1791460256,triage-ollama-1,0.87%,6.531GiB / 9.701GiB
1791460263,triage-triage-1,0.26%,42.17MiB / 9.701GiB
1791460263,triage-ollama-1,0.01%,6.531GiB / 9.701GiB
1791460269,triage-triage-1,0.23%,42.17MiB / 9.701GiB
1791460269,triage-ollama-1,0.01%,6.531GiB / 9.701GiB
1791460275,triage-triage-1,0.23%,42.17MiB / 9.701GiB
1791460275,triage-ollama-1,0.00%,6.531GiB / 9.701GiB
1791460283,triage-triage-1,0.24%,42.17MiB / 9.701GiB
1791460283,triage-ollama-1,0.01%,6.531GiB / 9.701GiB
1791460290,triage-triage-1,0.26%,42.17MiB / 9.701GiB
1791460290,triage-ollama-1,0.01%,6.531GiB / 9.701GiB
1791460296,triage-triage-1,0.21%,42.17MiB / 9.701GiB
1791460296,triage-ollama-1,0.01%,6.531GiB / 9.701GiB
1791460302,triage-triage-1,0.26%,42.17MiB / 9.701GiB
1791460302,triage-ollama-1,2.92%,6.531GiB / 9.701GiB
1791460308,triage-triage-1,0.40%,42.17MiB / 9.701GiB
1791460308,triage-ollama-1,0.03%,6.531GiB / 9.701GiB
1791460314,triage-triage-1,0.22%,42.17MiB / 9.701GiB
1791460314,triage-ollama-1,0.01%,6.531GiB / 9.701GiB
1791460321,triage-triage-1,0.20%,42.17MiB / 9.701GiB
1791460321,triage-ollama-1,0.01%,6.531GiB / 9.701GiB
1791460328,triage-triage-1,0.22%,42.17MiB / 9.701GiB
1791460328,triage-ollama-1,0.01%,6.531GiB / 9.701GiB
1791460335,triage-triage-1,0.24%,42.17MiB / 9.701GiB
1791460335,triage-ollama-1,0.00%,6.531GiB / 9.701GiB
1791460342,triage-triage-1,0.24%,42.17MiB / 9.701GiB
1791460342,triage-ollama-1,3.00%,6.531GiB / 9.701GiB
1791460348,triage-triage-1,0.26%,42.17MiB / 9.701GiB
1791460348,triage-ollama-1,0.01%,6.531GiB / 9.701GiB
1791460355,triage-triage-1,0.26%,42.17MiB / 9.701GiB
1791460355,triage-ollama-1,0.02%,6.531GiB / 9.701GiB
1791460362,triage-triage-1,0.25%,42.17MiB / 9.701GiB
1791460362,triage-ollama-1,2.83%,6.531GiB / 9.701GiB
1791460368,triage-triage-1,0.28%,42.17MiB / 9.701GiB
1791460368,triage-ollama-1,0.01%,6.531GiB / 9.701GiB
1791460375,triage-triage-1,0.21%,42.17MiB / 9.701GiB
1791460375,triage-ollama-1,0.01%,6.531GiB / 9.701GiB
1791460381,triage-triage-1,0.21%,42.17MiB / 9.701GiB
1791460381,triage-ollama-1,0.01%,6.531GiB / 9.701GiB
1791460387,triage-triage-1,0.23%,42.17MiB / 9.701GiB
1791460387,triage-ollama-1,1.76%,6.531GiB / 9.701GiB
1791460394,triage-triage-1,0.25%,42.17MiB / 9.701GiB
1791460394,triage-ollama-1,0.01%,6.531GiB / 9.701GiB
1791460400,triage-triage-1,0.22%,42.17MiB / 9.701GiB
1791460400,triage-ollama-1,0.01%,6.53GiB / 9.701GiB
1791460406,triage-triage-1,0.24%,42.17MiB / 9.701GiB
1791460406,triage-ollama-1,0.01%,6.531GiB / 9.701GiB
1791460413,triage-triage-1,0.23%,42.17MiB / 9.701GiB
1791460413,triage-ollama-1,3.39%,6.531GiB / 9.701GiB
1791460420,triage-triage-1,0.23%,42.17MiB / 9.701GiB
1791460420,triage-ollama-1,0.01%,6.53GiB / 9.701GiB
1791460426,triage-triage-1,0.28%,42.17MiB / 9.701GiB
1791460426,triage-ollama-1,0.01%,6.531GiB / 9.701GiB
1791460433,triage-triage-1,0.23%,42.17MiB / 9.701GiB
1791460433,triage-ollama-1,3.59%,6.531GiB / 9.701GiB
1791460439,triage-triage-1,0.22%,42.17MiB / 9.701GiB
1791460439,triage-ollama-1,0.01%,6.531GiB / 9.701GiB
1791460445,triage-triage-1,0.21%,42.17MiB / 9.701GiB
1791460445,triage-ollama-1,0.00%,6.531GiB / 9.701GiB
1791460452,triage-triage-1,0.24%,42.17MiB / 9.701GiB
1791460452,triage-ollama-1,0.01%,6.531GiB / 9.701GiB
1791460459,triage-triage-1,0.18%,42.17MiB / 9.701GiB
1791460459,triage-ollama-1,0.01%,6.531GiB / 9.701GiB
1791460465,triage-triage-1,0.20%,42.17MiB / 9.701GiB
1791460465,triage-ollama-1,0.01%,6.531GiB / 9.701GiB
1791460471,triage-triage-1,0.16%,42.17MiB / 9.701GiB
1791460471,triage-ollama-1,0.01%,6.531GiB / 9.701GiB
1791460479,triage-triage-1,0.18%,42.17MiB / 9.701GiB
1791460479,triage-ollama-1,0.01%,6.531GiB / 9.701GiB
1791460485,triage-triage-1,0.19%,42.17MiB / 9.701GiB
1791460485,triage-ollama-1,0.00%,6.531GiB / 9.701GiB
1791460491,triage-triage-1,0.23%,42.17MiB / 9.701GiB
1791460491,triage-ollama-1,0.01%,6.53GiB / 9.701GiB
1791460498,triage-triage-1,0.25%,42.17MiB / 9.701GiB
1791460498,triage-ollama-1,0.01%,6.531GiB / 9.701GiB
1791460505,triage-triage-1,0.20%,42.17MiB / 9.701GiB
1791460505,triage-ollama-1,0.01%,6.53GiB / 9.701GiB
1791460511,triage-triage-1,0.23%,42.17MiB / 9.701GiB
1791460511,triage-ollama-1,0.01%,6.531GiB / 9.701GiB
1791460519,triage-triage-1,0.24%,42.17MiB / 9.701GiB
1791460519,triage-ollama-1,3.27%,6.531GiB / 9.701GiB
1791460525,triage-triage-1,0.17%,42.17MiB / 9.701GiB
1791460525,triage-ollama-1,0.01%,6.531GiB / 9.701GiB
1791460532,triage-triage-1,0.25%,42.17MiB / 9.701GiB
1791460532,triage-ollama-1,0.01%,6.53GiB / 9.701GiB
1791460540,triage-triage-1,0.22%,42.17MiB / 9.701GiB
1791460540,triage-ollama-1,1.53%,6.531GiB / 9.701GiB
1791460546,triage-triage-1,0.20%,42.17MiB / 9.701GiB
1791460546,triage-ollama-1,0.01%,6.531GiB / 9.701GiB
1791460552,triage-triage-1,0.17%,42.17MiB / 9.701GiB
1791460552,triage-ollama-1,0.01%,6.531GiB / 9.701GiB
1791460559,triage-triage-1,0.29%,42.17MiB / 9.701GiB
1791460559,triage-ollama-1,3.08%,6.531GiB / 9.701GiB
1791460565,triage-triage-1,0.24%,42.17MiB / 9.701GiB
1791460565,triage-ollama-1,0.01%,6.531GiB / 9.701GiB
1791460572,triage-triage-1,0.22%,42.17MiB / 9.701GiB
1791460572,triage-ollama-1,0.01%,6.531GiB / 9.701GiB
1791460580,triage-triage-1,0.22%,42.17MiB / 9.701GiB
1791460580,triage-ollama-1,2.85%,6.531GiB / 9.701GiB
1791460586,triage-triage-1,0.22%,42.17MiB / 9.701GiB
1791460586,triage-ollama-1,0.00%,6.531GiB / 9.701GiB
1791460593,triage-triage-1,0.21%,42.17MiB / 9.701GiB
1791460593,triage-ollama-1,0.01%,6.531GiB / 9.701GiB
1791460599,triage-triage-1,0.21%,42.17MiB / 9.701GiB
1791460599,triage-ollama-1,2.97%,6.531GiB / 9.701GiB
1791460605,triage-triage-1,0.29%,42.17MiB / 9.701GiB
1791460605,triage-ollama-1,0.01%,6.531GiB / 9.701GiB
1791460611,triage-triage-1,0.18%,42.17MiB / 9.701GiB
1791460611,triage-ollama-1,0.01%,6.531GiB / 9.701GiB
1791460618,triage-triage-1,0.20%,42.17MiB / 9.701GiB
1791460618,triage-ollama-1,0.01%,6.531GiB / 9.701GiB
1791460624,triage-triage-1,0.20%,42.17MiB / 9.701GiB
1791460624,triage-ollama-1,3.98%,6.53GiB / 9.701GiB
1791460631,triage-triage-1,0.25%,42.17MiB / 9.701GiB
1791460631,triage-ollama-1,0.01%,6.531GiB / 9.701GiB
1791460638,triage-triage-1,0.20%,42.17MiB / 9.701GiB
1791460638,triage-ollama-1,0.01%,6.53GiB / 9.701GiB
1791460644,triage-triage-1,0.20%,42.17MiB / 9.701GiB
1791460644,triage-ollama-1,0.01%,6.531GiB / 9.701GiB
1791460651,triage-triage-1,0.22%,42.17MiB / 9.701GiB
1791460651,triage-ollama-1,0.01%,6.531GiB / 9.701GiB
1791460658,triage-triage-1,0.25%,42.17MiB / 9.701GiB
1791460658,triage-ollama-1,0.01%,6.531GiB / 9.701GiB
1791460664,triage-triage-1,0.13%,42.17MiB / 9.701GiB
1791460664,triage-ollama-1,0.01%,6.531GiB / 9.701GiB
1791460671,triage-triage-1,0.23%,42.17MiB / 9.701GiB
1791460671,triage-ollama-1,0.01%,6.531GiB / 9.701GiB
1791460678,triage-triage-1,0.25%,42.17MiB / 9.701GiB
1791460678,triage-ollama-1,0.01%,6.53GiB / 9.701GiB
1791460684,triage-triage-1,0.16%,42.17MiB / 9.701GiB
1791460684,triage-ollama-1,2.69%,6.53GiB / 9.701GiB
1791460691,triage-triage-1,0.17%,42.17MiB / 9.701GiB
1791460691,triage-ollama-1,0.01%,6.531GiB / 9.701GiB
1791460699,triage-triage-1,0.27%,42.17MiB / 9.701GiB
1791460699,triage-ollama-1,0.01%,6.53GiB / 9.701GiB
1791460705,triage-triage-1,0.25%,42.17MiB / 9.701GiB
1791460705,triage-ollama-1,0.01%,6.531GiB / 9.701GiB
1791460712,triage-triage-1,0.22%,42.17MiB / 9.701GiB
1791460712,triage-ollama-1,0.01%,6.531GiB / 9.701GiB
1791460719,triage-triage-1,0.24%,42.17MiB / 9.701GiB
1791460719,triage-ollama-1,0.01%,6.531GiB / 9.701GiB
1791460726,triage-triage-1,0.26%,42.17MiB / 9.701GiB
1791460726,triage-ollama-1,2.92%,6.531GiB / 9.701GiB
1791460733,triage-triage-1,0.22%,42.17MiB / 9.701GiB
1791460733,triage-ollama-1,0.01%,6.531GiB / 9.701GiB
1791460740,triage-triage-1,0.30%,42.17MiB / 9.701GiB
1791460740,triage-ollama-1,2.76%,6.531GiB / 9.701GiB
1791460747,triage-triage-1,0.25%,42.17MiB / 9.701GiB
1791460747,triage-ollama-1,0.01%,6.531GiB / 9.701GiB
1791460753,triage-triage-1,0.24%,42.17MiB / 9.701GiB
1791460753,triage-ollama-1,0.01%,6.531GiB / 9.701GiB
1791460759,triage-triage-1,0.27%,42.17MiB / 9.701GiB
1791460759,triage-ollama-1,0.01%,6.531GiB / 9.701GiB
1791460765,triage-triage-1,0.28%,42.17MiB / 9.701GiB
1791460765,triage-ollama-1,2.80%,6.531GiB / 9.701GiB
1791460772,triage-triage-1,0.26%,42.17MiB / 9.701GiB
1791460772,triage-ollama-1,0.01%,6.531GiB / 9.701GiB
1791460778,triage-triage-1,0.23%,42.17MiB / 9.701GiB
1791460778,triage-ollama-1,0.01%,6.531GiB / 9.701GiB
