1791454042,triage-triage-1,0.25%,36.15MiB / 9.701GiB
1791454042,triage-ollama-1,0.01%,4.737GiB / 9.701GiB
1791454049,triage-triage-1,0.31%,36.15MiB / 9.701GiB
1791454049,triage-ollama-1,0.00%,4.736GiB / 9.701GiB
1791454055,triage-triage-1,0.24%,36.15MiB / 9.701GiB
1791454055,triage-ollama-1,0.02%,4.737GiB / 9.701GiB
1791454061,triage-triage-1,0.26%,36.15MiB / 9.701GiB
1791454061,triage-ollama-1,0.01%,4.736GiB / 9.701GiB
1791454067,triage-triage-1,0.27%,36.15MiB / 9.701GiB
1791454067,triage-ollama-1,0.01%,4.736GiB / 9.701GiB
1791454075,triage-triage-1,0.21%,36.15MiB / 9.701GiB
1791454075,triage-ollama-1,0.01%,4.737GiB / 9.701GiB
1791454081,triage-triage-1,0.26%,36.15MiB / 9.701GiB
1791454081,triage-ollama-1,0.01%,4.737GiB / 9.701GiB
1791454088,triage-triage-1,0.27%,36.15MiB / 9.701GiB
1791454088,triage-ollama-1,0.01%,4.738GiB / 9.701GiB
1791454094,triage-triage-1,0.25%,36.15MiB / 9.701GiB
1791454094,triage-ollama-1,0.00%,4.738GiB / 9.701GiB
1791454100,triage-triage-1,0.29%,36.15MiB / 9.701GiB
1791454100,triage-ollama-1,0.01%,4.738GiB / 9.701GiB
1791454108,triage-triage-1,0.29%,36.39MiB / 9.701GiB
1791454108,triage-ollama-1,0.01%,4.738GiB / 9.701GiB
1791454115,triage-triage-1,0.25%,36.39MiB / 9.701GiB
1791454115,triage-ollama-1,0.00%,4.738GiB / 9.701GiB
1791454121,triage-triage-1,0.24%,36.39MiB / 9.701GiB
1791454121,triage-ollama-1,0.01%,4.738GiB / 9.701GiB
1791454128,triage-triage-1,0.29%,36.88MiB / 9.701GiB
1791454128,triage-ollama-1,3.45%,4.738GiB / 9.701GiB
1791454135,triage-triage-1,0.89%,36.84MiB / 9.701GiB
1791454135,triage-ollama-1,0.02%,4.738GiB / 9.701GiB
1791454142,triage-triage-1,0.22%,37.34MiB / 9.701GiB
1791454142,triage-ollama-1,0.01%,4.738GiB / 9.701GiB
1791454149,triage-triage-1,0.67%,37.31MiB / 9.701GiB
1791454149,triage-ollama-1,0.01%,4.738GiB / 9.701GiB
1791454156,triage-triage-1,0.28%,37.75MiB / 9.701GiB
1791454156,triage-ollama-1,0.01%,4.787GiB / 9.701GiB
1791454163,triage-triage-1,0.08%,37.75MiB / 9.701GiB
1791454163,triage-ollama-1,996.16%,4.857GiB / 9.701GiB
1791454170,triage-triage-1,0.22%,37.74MiB / 9.701GiB
1791454170,triage-ollama-1,0.01%,4.857GiB / 9.701GiB
1791454177,triage-triage-1,0.31%,37.73MiB / 9.701GiB
1791454177,triage-ollama-1,0.01%,4.857GiB / 9.701GiB
1791454183,triage-triage-1,0.24%,37.71MiB / 9.701GiB
1791454183,triage-ollama-1,0.01%,4.858GiB / 9.701GiB
1791454190,triage-triage-1,0.79%,37.96MiB / 9.701GiB
1791454190,triage-ollama-1,0.01%,4.857GiB / 9.701GiB
1791454197,triage-triage-1,0.31%,37.96MiB / 9.701GiB
1791454197,triage-ollama-1,0.01%,4.857GiB / 9.701GiB
1791454204,triage-triage-1,0.27%,37.96MiB / 9.701GiB
1791454204,triage-ollama-1,4.05%,4.858GiB / 9.701GiB
1791454211,triage-triage-1,0.29%,37.96MiB / 9.701GiB
1791454211,triage-ollama-1,0.01%,4.858GiB / 9.701GiB
1791454219,triage-triage-1,0.98%,38.2MiB / 9.701GiB
1791454219,triage-ollama-1,0.01%,4.858GiB / 9.701GiB
1791454226,triage-triage-1,0.25%,38.43MiB / 9.701GiB
1791454226,triage-ollama-1,0.01%,4.891GiB / 9.701GiB
1791454233,triage-triage-1,0.28%,38.38MiB / 9.701GiB
1791454233,triage-ollama-1,0.02%,4.89GiB / 9.701GiB
1791454239,triage-triage-1,0.29%,38.38MiB / 9.701GiB
1791454239,triage-ollama-1,0.01%,4.89GiB / 9.701GiB
1791454245,triage-triage-1,0.28%,38.36MiB / 9.701GiB
1791454245,triage-ollama-1,5.28%,4.908GiB / 9.701GiB
1791454251,triage-triage-1,0.30%,38.36MiB / 9.701GiB
1791454251,triage-ollama-1,0.01%,4.908GiB / 9.701GiB
1791454258,triage-triage-1,0.33%,38.36MiB / 9.701GiB
1791454258,triage-ollama-1,0.01%,4.908GiB / 9.701GiB
1791454264,triage-triage-1,0.27%,38.36MiB / 9.701GiB
1791454264,triage-ollama-1,0.00%,4.908GiB / 9.701GiB
1791454270,triage-triage-1,0.25%,38.55MiB / 9.701GiB
1791454270,triage-ollama-1,2.88%,4.908GiB / 9.701GiB
1791454276,triage-triage-1,0.30%,38.55MiB / 9.701GiB
1791454276,triage-ollama-1,0.01%,4.908GiB / 9.701GiB
1791454282,triage-triage-1,0.24%,38.78MiB / 9.701GiB
1791454282,triage-ollama-1,0.01%,4.907GiB / 9.701GiB
1791454289,triage-triage-1,0.34%,38.77MiB / 9.701GiB
1791454289,triage-ollama-1,0.01%,4.928GiB / 9.701GiB
1791454296,triage-triage-1,0.26%,39.01MiB / 9.701GiB
1791454296,triage-ollama-1,4.48%,4.929GiB / 9.701GiB
1791454303,triage-triage-1,0.08%,39.25MiB / 9.701GiB
1791454303,triage-ollama-1,998.46%,4.943GiB / 9.701GiB
1791454310,triage-triage-1,0.26%,39.22MiB / 9.701GiB
1791454310,triage-ollama-1,0.00%,4.944GiB / 9.701GiB
1791454317,triage-triage-1,0.42%,38.93MiB / 9.701GiB
1791454317,triage-ollama-1,930.38%,4.949GiB / 9.701GiB
1791454323,triage-triage-1,0.29%,38.92MiB / 9.701GiB
1791454323,triage-ollama-1,0.01%,4.949GiB / 9.701GiB
1791454330,triage-triage-1,0.29%,38.91MiB / 9.701GiB
1791454330,triage-ollama-1,0.02%,4.976GiB / 9.701GiB
1791454337,triage-triage-1,0.26%,38.9MiB / 9.701GiB
1791454337,triage-ollama-1,0.01%,4.975GiB / 9.701GiB
1791454343,triage-triage-1,0.20%,38.9MiB / 9.701GiB
1791454343,triage-ollama-1,0.01%,4.975GiB / 9.701GiB
1791454349,triage-triage-1,0.30%,38.9MiB / 9.701GiB
1791454349,triage-ollama-1,0.01%,4.975GiB / 9.701GiB
1791454355,triage-triage-1,0.61%,39.08MiB / 9.701GiB
1791454355,triage-ollama-1,980.32%,5.004GiB / 9.701GiB
1791454363,triage-triage-1,0.26%,39.56MiB / 9.701GiB
1791454363,triage-ollama-1,0.01%,5.004GiB / 9.701GiB
1791454369,triage-triage-1,0.42%,39.8MiB / 9.701GiB
1791454369,triage-ollama-1,0.03%,5.003GiB / 9.701GiB
1791454375,triage-triage-1,1.85%,39.79MiB / 9.701GiB
1791454375,triage-ollama-1,0.01%,5.003GiB / 9.701GiB
1791454382,triage-triage-1,0.26%,39.79MiB / 9.701GiB
1791454382,triage-ollama-1,2.89%,5.004GiB / 9.701GiB
1791454388,triage-triage-1,0.32%,40.03MiB / 9.701GiB
1791454388,triage-ollama-1,0.01%,5.003GiB / 9.701GiB
1791454395,triage-triage-1,0.22%,40.03MiB / 9.701GiB
1791454395,triage-ollama-1,0.01%,5.003GiB / 9.701GiB
1791454401,triage-triage-1,0.29%,40.03MiB / 9.701GiB
1791454401,triage-ollama-1,0.01%,5.003GiB / 9.701GiB
1791454408,triage-triage-1,0.32%,40.27MiB / 9.701GiB
1791454408,triage-ollama-1,0.01%,5.003GiB / 9.701GiB
1791454414,triage-triage-1,0.56%,40.47MiB / 9.701GiB
1791454414,triage-ollama-1,1005.57%,5.052GiB / 9.701GiB
1791454421,triage-triage-1,0.28%,40.43MiB / 9.701GiB
1791454421,triage-ollama-1,3.54%,5.052GiB / 9.701GiB
1791454428,triage-triage-1,0.66%,40.17MiB / 9.701GiB
1791454428,triage-ollama-1,0.01%,5.052GiB / 9.701GiB
1791454434,triage-triage-1,1.31%,40.4MiB / 9.701GiB
1791454434,triage-ollama-1,0.01%,5.075GiB / 9.701GiB
1791454442,triage-triage-1,0.28%,40.32MiB / 9.701GiB
1791454442,triage-ollama-1,0.01%,5.092GiB / 9.701GiB
1791454448,triage-triage-1,0.29%,40.32MiB / 9.701GiB
1791454448,triage-ollama-1,3.22%,5.092GiB / 9.701GiB
1791454454,triage-triage-1,0.29%,40.31MiB / 9.701GiB
1791454454,triage-ollama-1,0.01%,5.093GiB / 9.701GiB
1791454460,triage-triage-1,0.25%,40.31MiB / 9.701GiB
1791454460,triage-ollama-1,616.64%,5.093GiB / 9.701GiB
1791454467,triage-triage-1,0.28%,40.55MiB / 9.701GiB
1791454467,triage-ollama-1,3.59%,5.093GiB / 9.701GiB
1791454474,triage-triage-1,0.25%,40.55MiB / 9.701GiB
1791454474,triage-ollama-1,0.01%,5.094GiB / 9.701GiB
1791454480,triage-triage-1,0.36%,40.54MiB / 9.701GiB
1791454480,triage-ollama-1,0.01%,5.093GiB / 9.701GiB
1791454486,triage-triage-1,0.29%,40.52MiB / 9.701GiB
1791454486,triage-ollama-1,0.01%,5.112GiB / 9.701GiB
1791454492,triage-triage-1,0.25%,40.47MiB / 9.701GiB
1791454492,triage-ollama-1,0.01%,5.132GiB / 9.701GiB
1791454498,triage-triage-1,0.23%,40.46MiB / 9.701GiB
1791454498,triage-ollama-1,4.65%,5.144GiB / 9.701GiB
1791454504,triage-triage-1,0.49%,40.45MiB / 9.701GiB
1791454504,triage-ollama-1,0.01%,5.145GiB / 9.701GiB
1791454510,triage-triage-1,0.25%,40.45MiB / 9.701GiB
1791454510,triage-ollama-1,0.01%,5.144GiB / 9.701GiB
1791454518,triage-triage-1,0.29%,40.45MiB / 9.701GiB
1791454518,triage-ollama-1,0.01%,5.144GiB / 9.701GiB
1791454524,triage-triage-1,0.34%,40.6MiB / 9.701GiB
1791454524,triage-ollama-1,1002.29%,5.157GiB / 9.701GiB
1791454531,triage-triage-1,0.62%,40.53MiB / 9.701GiB
1791454531,triage-ollama-1,1002.60%,5.205GiB / 9.701GiB
1791454538,triage-triage-1,0.08%,40.73MiB / 9.701GiB
1791454538,triage-ollama-1,956.22%,5.24GiB / 9.701GiB
1791454545,triage-triage-1,0.20%,40.95MiB / 9.701GiB
1791454545,triage-ollama-1,0.01%,5.264GiB / 9.701GiB
1791454551,triage-triage-1,0.26%,40.95MiB / 9.701GiB
1791454551,triage-ollama-1,0.01%,5.264GiB / 9.701GiB
1791454558,triage-triage-1,0.41%,40.91MiB / 9.701GiB
1791454558,triage-ollama-1,971.26%,5.3GiB / 9.701GiB
1791454565,triage-triage-1,0.30%,41.12MiB / 9.701GiB
1791454565,triage-ollama-1,0.01%,5.3GiB / 9.701GiB
1791454571,triage-triage-1,0.32%,41.09MiB / 9.701GiB
1791454571,triage-ollama-1,0.01%,5.3GiB / 9.701GiB
1791454577,triage-triage-1,0.30%,41.34MiB / 9.701GiB
1791454577,triage-ollama-1,0.01%,5.3GiB / 9.701GiB
1791454583,triage-triage-1,0.14%,41.53MiB / 9.701GiB
1791454583,triage-ollama-1,735.49%,5.345GiB / 9.701GiB
1791454590,triage-triage-1,1.80%,41.51MiB / 9.701GiB
1791454590,triage-ollama-1,0.01%,5.344GiB / 9.701GiB
1791454598,triage-triage-1,0.07%,41.45MiB / 9.701GiB
1791454598,triage-ollama-1,1000.66%,5.345GiB / 9.701GiB
1791454605,triage-triage-1,0.26%,41.43MiB / 9.701GiB
1791454605,triage-ollama-1,12.75%,5.345GiB / 9.701GiB
1791454612,triage-triage-1,0.31%,41.43MiB / 9.701GiB
1791454612,triage-ollama-1,0.01%,5.345GiB / 9.701GiB
1791454619,triage-triage-1,0.61%,41.41MiB / 9.701GiB
1791454619,triage-ollama-1,427.05%,5.375GiB / 9.701GiB
1791454626,triage-triage-1,0.30%,41.38MiB / 9.701GiB
1791454626,triage-ollama-1,0.00%,5.375GiB / 9.701GiB
1791454633,triage-triage-1,0.08%,41.32MiB / 9.701GiB
1791454633,triage-ollama-1,127.13%,5.375GiB / 9.701GiB
1791454640,triage-triage-1,0.68%,41.56MiB / 9.701GiB
1791454640,triage-ollama-1,339.18%,5.396GiB / 9.701GiB
1791454646,triage-triage-1,1.19%,41.54MiB / 9.701GiB
1791454646,triage-ollama-1,0.40%,5.389GiB / 9.701GiB
1791454653,triage-triage-1,1.14%,41.47MiB / 9.701GiB
1791454653,triage-ollama-1,1087.34%,5.389GiB / 9.701GiB
1791454661,triage-triage-1,1.27%,41.47MiB / 9.701GiB
1791454661,triage-ollama-1,1135.78%,5.413GiB / 9.701GiB
1791454668,triage-triage-1,0.12%,41.46MiB / 9.701GiB
1791454668,triage-ollama-1,1022.49%,5.425GiB / 9.701GiB
1791454675,triage-triage-1,0.28%,41.44MiB / 9.701GiB
1791454675,triage-ollama-1,0.02%,5.425GiB / 9.701GiB
1791454682,triage-triage-1,0.23%,41.42MiB / 9.701GiB
1791454682,triage-ollama-1,3.82%,5.426GiB / 9.701GiB
1791454688,triage-triage-1,1.29%,41.42MiB / 9.701GiB
1791454688,triage-ollama-1,917.96%,5.456GiB / 9.701GiB
1791454694,triage-triage-1,0.28%,41.35MiB / 9.701GiB
1791454694,triage-ollama-1,0.01%,5.455GiB / 9.701GiB
1791454701,triage-triage-1,0.25%,41.35MiB / 9.701GiB
1791454701,triage-ollama-1,0.01%,5.456GiB / 9.701GiB
1791454707,triage-triage-1,0.32%,41.33MiB / 9.701GiB
1791454707,triage-ollama-1,0.01%,5.455GiB / 9.701GiB
1791454715,triage-triage-1,0.34%,41.3MiB / 9.701GiB
1791454715,triage-ollama-1,638.65%,5.455GiB / 9.701GiB
1791454722,triage-triage-1,0.09%,41.3MiB / 9.701GiB
1791454722,triage-ollama-1,845.58%,5.455GiB / 9.701GiB
1791454729,triage-triage-1,0.31%,41.25MiB / 9.701GiB
1791454729,triage-ollama-1,0.01%,5.455GiB / 9.701GiB
1791454735,triage-triage-1,0.11%,41.25MiB / 9.701GiB
1791454735,triage-ollama-1,1053.72%,5.47GiB / 9.701GiB
1791454742,triage-triage-1,0.23%,41.23MiB / 9.701GiB
1791454742,triage-ollama-1,0.01%,5.47GiB / 9.701GiB
1791454748,triage-triage-1,0.25%,41.23MiB / 9.701GiB
1791454748,triage-ollama-1,0.01%,5.471GiB / 9.701GiB
1791454755,triage-triage-1,0.32%,41.23MiB / 9.701GiB
1791454755,triage-ollama-1,0.00%,5.471GiB / 9.701GiB
1791454762,triage-triage-1,0.27%,41.21MiB / 9.701GiB
1791454762,triage-ollama-1,0.00%,5.471GiB / 9.701GiB
1791454769,triage-triage-1,0.50%,41.17MiB / 9.701GiB
1791454769,triage-ollama-1,1010.36%,5.502GiB / 9.701GiB
1791454777,triage-triage-1,0.21%,41.15MiB / 9.701GiB
1791454777,triage-ollama-1,0.03%,5.501GiB / 9.701GiB
1791454783,triage-triage-1,0.40%,41.15MiB / 9.701GiB
1791454783,triage-ollama-1,1002.67%,5.492GiB / 9.701GiB
1791454790,triage-triage-1,0.24%,41.32MiB / 9.701GiB
1791454790,triage-ollama-1,0.01%,5.526GiB / 9.701GiB
1791454797,triage-triage-1,0.75%,41.24MiB / 9.701GiB
1791454797,triage-ollama-1,971.42%,5.566GiB / 9.701GiB
1791454804,triage-triage-1,0.25%,41.23MiB / 9.701GiB
1791454804,triage-ollama-1,0.01%,5.566GiB / 9.701GiB
1791454811,triage-triage-1,0.30%,41.22MiB / 9.701GiB
1791454811,triage-ollama-1,0.01%,5.567GiB / 9.701GiB
1791454818,triage-triage-1,1.60%,41.2MiB / 9.701GiB
1791454818,triage-ollama-1,0.00%,5.567GiB / 9.701GiB
1791454824,triage-triage-1,0.25%,41.2MiB / 9.701GiB
1791454824,triage-ollama-1,3.37%,5.567GiB / 9.701GiB
1791454830,triage-triage-1,0.31%,41.19MiB / 9.701GiB
1791454830,triage-ollama-1,0.01%,5.567GiB / 9.701GiB
1791454836,triage-triage-1,0.30%,41.18MiB / 9.701GiB
1791454836,triage-ollama-1,0.01%,5.565GiB / 9.701GiB
1791454842,triage-triage-1,0.86%,41.18MiB / 9.701GiB
1791454842,triage-ollama-1,459.01%,5.566GiB / 9.701GiB
1791454849,triage-triage-1,0.28%,41.16MiB / 9.701GiB
1791454849,triage-ollama-1,0.01%,5.565GiB / 9.701GiB
1791454855,triage-triage-1,0.27%,41.16MiB / 9.701GiB
1791454855,triage-ollama-1,0.01%,5.566GiB / 9.701GiB
1791454862,triage-triage-1,0.24%,41.11MiB / 9.701GiB
1791454862,triage-ollama-1,0.01%,5.566GiB / 9.701GiB
1791454868,triage-triage-1,0.25%,41.1MiB / 9.701GiB
1791454868,triage-ollama-1,0.01%,5.566GiB / 9.701GiB
1791454874,triage-triage-1,0.24%,41.08MiB / 9.701GiB
1791454874,triage-ollama-1,3.48%,5.566GiB / 9.701GiB
1791454881,triage-triage-1,0.33%,41.07MiB / 9.701GiB
1791454881,triage-ollama-1,1023.84%,5.566GiB / 9.701GiB
1791454888,triage-triage-1,0.30%,41MiB / 9.701GiB
1791454888,triage-ollama-1,0.01%,5.587GiB / 9.701GiB
1791454895,triage-triage-1,0.22%,41MiB / 9.701GiB
1791454895,triage-ollama-1,0.01%,5.588GiB / 9.701GiB
1791454902,triage-triage-1,0.28%,40.98MiB / 9.701GiB
1791454902,triage-ollama-1,0.01%,5.588GiB / 9.701GiB
1791454909,triage-triage-1,0.19%,40.96MiB / 9.701GiB
1791454909,triage-ollama-1,0.01%,5.603GiB / 9.701GiB
1791454915,triage-triage-1,0.19%,40.87MiB / 9.701GiB
1791454915,triage-ollama-1,516.00%,5.618GiB / 9.701GiB
1791454922,triage-triage-1,0.47%,40.88MiB / 9.701GiB
1791454922,triage-ollama-1,358.25%,5.633GiB / 9.701GiB
1791454930,triage-triage-1,0.21%,40.82MiB / 9.701GiB
1791454930,triage-ollama-1,0.01%,5.647GiB / 9.701GiB
1791454936,triage-triage-1,0.09%,41.04MiB / 9.701GiB
1791454936,triage-ollama-1,591.34%,5.673GiB / 9.701GiB
1791454943,triage-triage-1,0.27%,41.02MiB / 9.701GiB
1791454943,triage-ollama-1,0.01%,5.673GiB / 9.701GiB
1791454949,triage-triage-1,0.26%,41.02MiB / 9.701GiB
1791454949,triage-ollama-1,0.01%,5.673GiB / 9.701GiB
1791454955,triage-triage-1,0.25%,41.01MiB / 9.701GiB
1791454955,triage-ollama-1,0.01%,5.673GiB / 9.701GiB
1791454962,triage-triage-1,0.27%,40.96MiB / 9.701GiB
1791454962,triage-ollama-1,0.01%,5.673GiB / 9.701GiB
1791454969,triage-triage-1,0.22%,40.95MiB / 9.701GiB
1791454969,triage-ollama-1,0.01%,5.673GiB / 9.701GiB
1791454976,triage-triage-1,0.22%,40.92MiB / 9.701GiB
1791454976,triage-ollama-1,0.01%,5.688GiB / 9.701GiB
1791454983,triage-triage-1,0.78%,40.91MiB / 9.701GiB
1791454983,triage-ollama-1,8.07%,5.706GiB / 9.701GiB
1791454989,triage-triage-1,0.30%,40.89MiB / 9.701GiB
1791454989,triage-ollama-1,0.01%,5.691GiB / 9.701GiB
1791454995,triage-triage-1,0.67%,40.85MiB / 9.701GiB
1791454995,triage-ollama-1,999.51%,5.717GiB / 9.701GiB
1791455002,triage-triage-1,0.26%,40.79MiB / 9.701GiB
1791455002,triage-ollama-1,1000.78%,5.769GiB / 9.701GiB
1791455009,triage-triage-1,0.10%,40.75MiB / 9.701GiB
1791455009,triage-ollama-1,1005.76%,5.768GiB / 9.701GiB
1791455017,triage-triage-1,0.29%,40.71MiB / 9.701GiB
1791455017,triage-ollama-1,3.48%,5.769GiB / 9.701GiB
1791455024,triage-triage-1,0.11%,40.71MiB / 9.701GiB
1791455024,triage-ollama-1,962.09%,5.819GiB / 9.701GiB
1791455031,triage-triage-1,0.09%,41.18MiB / 9.701GiB
1791455031,triage-ollama-1,997.68%,5.841GiB / 9.701GiB
1791455038,triage-triage-1,0.25%,41.14MiB / 9.701GiB
1791455038,triage-ollama-1,4.37%,5.862GiB / 9.701GiB
1791455044,triage-triage-1,0.34%,41.12MiB / 9.701GiB
1791455044,triage-ollama-1,1000.62%,5.881GiB / 9.701GiB
1791455051,triage-triage-1,0.10%,41.05MiB / 9.701GiB
1791455051,triage-ollama-1,1004.75%,5.91GiB / 9.701GiB
1791455058,triage-triage-1,0.35%,41.21MiB / 9.701GiB
1791455058,triage-ollama-1,999.12%,5.936GiB / 9.701GiB
1791455065,triage-triage-1,0.29%,41.64MiB / 9.701GiB
1791455065,triage-ollama-1,74.14%,5.936GiB / 9.701GiB
1791455071,triage-triage-1,0.72%,41.6MiB / 9.701GiB
1791455071,triage-ollama-1,999.32%,5.939GiB / 9.701GiB
1791455078,triage-triage-1,0.24%,41.77MiB / 9.701GiB
1791455078,triage-ollama-1,4.29%,5.954GiB / 9.701GiB
1791455084,triage-triage-1,0.23%,41.76MiB / 9.701GiB
1791455084,triage-ollama-1,0.01%,5.953GiB / 9.701GiB
1791455091,triage-triage-1,0.24%,41.76MiB / 9.701GiB
1791455091,triage-ollama-1,0.01%,5.953GiB / 9.701GiB
1791455097,triage-triage-1,0.93%,41.74MiB / 9.701GiB
1791455097,triage-ollama-1,71.44%,5.971GiB / 9.701GiB
1791455104,triage-triage-1,0.23%,41.66MiB / 9.701GiB
1791455104,triage-ollama-1,3.76%,5.971GiB / 9.701GiB
1791455110,triage-triage-1,0.71%,41.65MiB / 9.701GiB
1791455110,triage-ollama-1,0.01%,5.971GiB / 9.701GiB
1791455117,triage-triage-1,0.34%,41.81MiB / 9.701GiB
1791455117,triage-ollama-1,1001.47%,5.99GiB / 9.701GiB
1791455124,triage-triage-1,0.23%,41.82MiB / 9.701GiB
1791455124,triage-ollama-1,3.07%,5.989GiB / 9.701GiB
1791455131,triage-triage-1,0.52%,41.76MiB / 9.701GiB
1791455131,triage-ollama-1,1001.33%,6.009GiB / 9.701GiB
1791455138,triage-triage-1,0.09%,42.21MiB / 9.701GiB
1791455138,triage-ollama-1,1000.90%,6.034GiB / 9.701GiB
1791455145,triage-triage-1,0.40%,42.16MiB / 9.701GiB
1791455145,triage-ollama-1,0.01%,6.034GiB / 9.701GiB
1791455151,triage-triage-1,0.18%,41.89MiB / 9.701GiB
1791455151,triage-ollama-1,1022.10%,6.034GiB / 9.701GiB
1791455158,triage-triage-1,0.29%,41.88MiB / 9.701GiB
1791455158,triage-ollama-1,0.01%,6.034GiB / 9.701GiB
1791455164,triage-triage-1,0.28%,42.12MiB / 9.701GiB
1791455164,triage-ollama-1,2.88%,6.034GiB / 9.701GiB
1791455172,triage-triage-1,0.32%,42.61MiB / 9.701GiB
1791455172,triage-ollama-1,0.01%,6.034GiB / 9.701GiB
1791455178,triage-triage-1,0.22%,42.61MiB / 9.701GiB
1791455178,triage-ollama-1,0.01%,6.034GiB / 9.701GiB
1791455184,triage-triage-1,0.71%,42.86MiB / 9.701GiB
1791455184,triage-ollama-1,291.39%,6.064GiB / 9.701GiB
1791455190,triage-triage-1,0.52%,42.99MiB / 9.701GiB
1791455190,triage-ollama-1,1001.16%,6.102GiB / 9.701GiB
1791455197,triage-triage-1,0.42%,42.96MiB / 9.701GiB
1791455197,triage-ollama-1,0.01%,6.12GiB / 9.701GiB
1791455204,triage-triage-1,0.26%,42.93MiB / 9.701GiB
1791455204,triage-ollama-1,0.01%,6.135GiB / 9.701GiB
1791455210,triage-triage-1,0.11%,42.91MiB / 9.701GiB
1791455210,triage-ollama-1,1000.16%,6.134GiB / 9.701GiB
1791455217,triage-triage-1,0.31%,42.89MiB / 9.701GiB
1791455217,triage-ollama-1,0.01%,6.134GiB / 9.701GiB
1791455223,triage-triage-1,0.23%,42.89MiB / 9.701GiB
1791455223,triage-ollama-1,0.01%,6.134GiB / 9.701GiB
1791455229,triage-triage-1,0.21%,42.82MiB / 9.701GiB
1791455229,triage-ollama-1,987.10%,6.176GiB / 9.701GiB
1791455236,triage-triage-1,0.97%,42.82MiB / 9.701GiB
1791455236,triage-ollama-1,4.95%,6.2GiB / 9.701GiB
1791455243,triage-triage-1,0.30%,43.02MiB / 9.701GiB
1791455243,triage-ollama-1,0.01%,6.2GiB / 9.701GiB
1791455250,triage-triage-1,0.22%,43MiB / 9.701GiB
1791455250,triage-ollama-1,0.01%,6.226GiB / 9.701GiB
1791455257,triage-triage-1,0.29%,42.99MiB / 9.701GiB
1791455257,triage-ollama-1,0.01%,6.226GiB / 9.701GiB
1791455264,triage-triage-1,0.11%,42.99MiB / 9.701GiB
1791455264,triage-ollama-1,441.35%,6.226GiB / 9.701GiB
1791455271,triage-triage-1,0.24%,42.96MiB / 9.701GiB
1791455271,triage-ollama-1,0.01%,6.245GiB / 9.701GiB
1791455278,triage-triage-1,0.32%,42.86MiB / 9.701GiB
1791455278,triage-ollama-1,997.65%,6.276GiB / 9.701GiB
1791455285,triage-triage-1,0.17%,42.84MiB / 9.701GiB
1791455285,triage-ollama-1,1003.92%,6.316GiB / 9.701GiB
1791455292,triage-triage-1,0.20%,42.81MiB / 9.701GiB
1791455292,triage-ollama-1,0.01%,6.337GiB / 9.701GiB
1791455299,triage-triage-1,0.30%,42.79MiB / 9.701GiB
1791455299,triage-ollama-1,0.01%,6.337GiB / 9.701GiB
1791455305,triage-triage-1,0.08%,42.95MiB / 9.701GiB
1791455305,triage-ollama-1,983.02%,6.337GiB / 9.701GiB
1791455312,triage-triage-1,0.38%,43.17MiB / 9.701GiB
1791455312,triage-ollama-1,52.78%,6.337GiB / 9.701GiB
1791455318,triage-triage-1,0.78%,43.16MiB / 9.701GiB
1791455318,triage-ollama-1,0.01%,6.337GiB / 9.701GiB
1791455325,triage-triage-1,0.52%,43.14MiB / 9.701GiB
1791455325,triage-ollama-1,0.02%,6.337GiB / 9.701GiB
1791455331,triage-triage-1,0.08%,42.87MiB / 9.701GiB
1791455331,triage-ollama-1,999.71%,6.358GiB / 9.701GiB
1791455338,triage-triage-1,0.47%,42.79MiB / 9.701GiB
1791455338,triage-ollama-1,887.28%,6.376GiB / 9.701GiB
1791455345,triage-triage-1,0.40%,42.72MiB / 9.701GiB
1791455345,triage-ollama-1,1003.51%,6.415GiB / 9.701GiB
1791455352,triage-triage-1,0.28%,42.71MiB / 9.701GiB
1791455352,triage-ollama-1,0.01%,6.415GiB / 9.701GiB
1791455359,triage-triage-1,0.50%,42.69MiB / 9.701GiB
1791455359,triage-ollama-1,897.52%,6.438GiB / 9.701GiB
1791455365,triage-triage-1,0.45%,42.41MiB / 9.701GiB
1791455365,triage-ollama-1,0.04%,6.44GiB / 9.701GiB
1791455371,triage-triage-1,0.24%,42.4MiB / 9.701GiB
1791455371,triage-ollama-1,0.01%,6.44GiB / 9.701GiB
1791455377,triage-triage-1,0.96%,42.38MiB / 9.701GiB
1791455377,triage-ollama-1,5.54%,6.46GiB / 9.701GiB
1791455384,triage-triage-1,0.72%,42.33MiB / 9.701GiB
1791455384,triage-ollama-1,1008.41%,6.479GiB / 9.701GiB
1791455392,triage-triage-1,0.16%,42.3MiB / 9.701GiB
1791455392,triage-ollama-1,1040.36%,6.497GiB / 9.701GiB
1791455399,triage-triage-1,0.19%,42.27MiB / 9.701GiB
1791455399,triage-ollama-1,9.43%,6.496GiB / 9.701GiB
1791455405,triage-triage-1,1.59%,42.23MiB / 9.701GiB
1791455405,triage-ollama-1,0.61%,6.497GiB / 9.701GiB
1791455411,triage-triage-1,0.33%,42.71MiB / 9.701GiB
1791455411,triage-ollama-1,1009.21%,6.542GiB / 9.701GiB
1791455418,triage-triage-1,0.37%,42.63MiB / 9.701GiB
1791455418,triage-ollama-1,1026.29%,6.558GiB / 9.701GiB
1791455425,triage-triage-1,0.54%,42.51MiB / 9.701GiB
1791455425,triage-ollama-1,976.33%,6.598GiB / 9.701GiB
1791455432,triage-triage-1,0.33%,42.79MiB / 9.701GiB
1791455432,triage-ollama-1,1009.80%,6.623GiB / 9.701GiB
1791455439,triage-triage-1,0.24%,42.74MiB / 9.701GiB
1791455439,triage-ollama-1,4.78%,6.642GiB / 9.701GiB
1791455446,triage-triage-1,0.65%,42.74MiB / 9.701GiB
1791455446,triage-ollama-1,0.01%,6.641GiB / 9.701GiB
1791455452,triage-triage-1,0.24%,42.71MiB / 9.701GiB
1791455452,triage-ollama-1,0.01%,6.641GiB / 9.701GiB
1791455459,triage-triage-1,0.62%,42.71MiB / 9.701GiB
1791455459,triage-ollama-1,568.07%,6.642GiB / 9.701GiB
1791455465,triage-triage-1,0.29%,42.7MiB / 9.701GiB
1791455465,triage-ollama-1,0.01%,6.641GiB / 9.701GiB
1791455472,triage-triage-1,0.28%,42.7MiB / 9.701GiB
1791455472,triage-ollama-1,0.01%,6.641GiB / 9.701GiB
1791455478,triage-triage-1,0.91%,42.69MiB / 9.701GiB
1791455478,triage-ollama-1,998.56%,6.66GiB / 9.701GiB
1791455485,triage-triage-1,0.43%,42.06MiB / 9.701GiB
1791455485,triage-ollama-1,0.03%,6.66GiB / 9.701GiB
1791455492,triage-triage-1,0.26%,42.05MiB / 9.701GiB
1791455492,triage-ollama-1,0.01%,6.66GiB / 9.701GiB
1791455498,triage-triage-1,0.29%,42.05MiB / 9.701GiB
1791455498,triage-ollama-1,0.01%,6.66GiB / 9.701GiB
1791455504,triage-triage-1,0.44%,42.3MiB / 9.701GiB
1791455504,triage-ollama-1,1016.18%,6.659GiB / 9.701GiB
1791455512,triage-triage-1,0.15%,42.51MiB / 9.701GiB
1791455512,triage-ollama-1,812.88%,6.676GiB / 9.701GiB
1791455519,triage-triage-1,0.98%,42.48MiB / 9.701GiB
1791455519,triage-ollama-1,0.01%,6.676GiB / 9.701GiB
1791455525,triage-triage-1,0.54%,42.7MiB / 9.701GiB
1791455525,triage-ollama-1,994.58%,6.676GiB / 9.701GiB
1791455532,triage-triage-1,0.14%,42.68MiB / 9.701GiB
1791455532,triage-ollama-1,1015.89%,6.676GiB / 9.701GiB
1791455539,triage-triage-1,0.24%,42.6MiB / 9.701GiB
1791455539,triage-ollama-1,897.21%,6.705GiB / 9.701GiB
1791455546,triage-triage-1,0.43%,42.51MiB / 9.701GiB
1791455546,triage-ollama-1,813.98%,6.705GiB / 9.701GiB
1791455553,triage-triage-1,0.08%,42.49MiB / 9.701GiB
1791455553,triage-ollama-1,1014.11%,6.722GiB / 9.701GiB
1791455560,triage-triage-1,1.22%,42.13MiB / 9.701GiB
1791455560,triage-ollama-1,1019.47%,6.743GiB / 9.701GiB
1791455567,triage-triage-1,0.27%,42.14MiB / 9.701GiB
1791455567,triage-ollama-1,0.01%,6.761GiB / 9.701GiB
1791455574,triage-triage-1,0.11%,42.33MiB / 9.701GiB
1791455574,triage-ollama-1,985.61%,6.761GiB / 9.701GiB
1791455581,triage-triage-1,0.25%,42.3MiB / 9.701GiB
1791455581,triage-ollama-1,0.01%,6.775GiB / 9.701GiB
1791455588,triage-triage-1,0.25%,42.29MiB / 9.701GiB
1791455588,triage-ollama-1,0.01%,6.775GiB / 9.701GiB
1791455595,triage-triage-1,0.25%,42.26MiB / 9.701GiB
1791455595,triage-ollama-1,400.48%,6.793GiB / 9.701GiB
1791455602,triage-triage-1,0.26%,42.26MiB / 9.701GiB
1791455602,triage-ollama-1,3.64%,6.792GiB / 9.701GiB
1791455608,triage-triage-1,0.32%,42.23MiB / 9.701GiB
1791455608,triage-ollama-1,1021.25%,6.809GiB / 9.701GiB
1791455615,triage-triage-1,0.27%,42.17MiB / 9.701GiB
1791455615,triage-ollama-1,0.01%,6.809GiB / 9.701GiB
1791455621,triage-triage-1,0.23%,42.17MiB / 9.701GiB
1791455621,triage-ollama-1,5.60%,6.809GiB / 9.701GiB
1791455628,triage-triage-1,0.30%,42.15MiB / 9.701GiB
1791455628,triage-ollama-1,0.01%,6.825GiB / 9.701GiB
1791455635,triage-triage-1,0.33%,42.13MiB / 9.701GiB
1791455635,triage-ollama-1,0.01%,6.838GiB / 9.701GiB
1791455643,triage-triage-1,0.26%,42.62MiB / 9.701GiB
1791455643,triage-ollama-1,1017.90%,6.856GiB / 9.701GiB
1791455650,triage-triage-1,0.29%,42.55MiB / 9.701GiB
1791455650,triage-ollama-1,0.01%,6.856GiB / 9.701GiB
1791455656,triage-triage-1,0.37%,42.54MiB / 9.701GiB
1791455656,triage-ollama-1,1002.25%,6.876GiB / 9.701GiB
1791455663,triage-triage-1,0.13%,42.46MiB / 9.701GiB
1791455663,triage-ollama-1,153.52%,6.901GiB / 9.701GiB
1791455670,triage-triage-1,0.27%,42.45MiB / 9.701GiB
1791455670,triage-ollama-1,0.01%,6.901GiB / 9.701GiB
1791455676,triage-triage-1,0.46%,42.1MiB / 9.701GiB
1791455676,triage-ollama-1,1003.75%,6.918GiB / 9.701GiB
1791455683,triage-triage-1,0.30%,42.33MiB / 9.701GiB
1791455683,triage-ollama-1,205.79%,6.951GiB / 9.701GiB
1791455690,triage-triage-1,0.27%,42.32MiB / 9.701GiB
1791455690,triage-ollama-1,0.01%,6.951GiB / 9.701GiB
1791455697,triage-triage-1,0.10%,42.29MiB / 9.701GiB
1791455697,triage-ollama-1,1025.15%,6.951GiB / 9.701GiB
1791455704,triage-triage-1,0.11%,42.27MiB / 9.701GiB
1791455704,triage-ollama-1,1018.36%,6.975GiB / 9.701GiB
1791455711,triage-triage-1,0.30%,42.23MiB / 9.701GiB
1791455711,triage-ollama-1,0.01%,7.022GiB / 9.701GiB
1791455718,triage-triage-1,1.08%,41.79MiB / 9.701GiB
1791455718,triage-ollama-1,1000.24%,7.037GiB / 9.701GiB
1791455725,triage-triage-1,0.22%,42.35MiB / 9.701GiB
1791455725,triage-ollama-1,1012.28%,7.035GiB / 9.701GiB
1791455732,triage-triage-1,0.26%,42.54MiB / 9.701GiB
1791455732,triage-ollama-1,0.01%,7.062GiB / 9.701GiB
1791455739,triage-triage-1,1.16%,42.76MiB / 9.701GiB
1791455739,triage-ollama-1,1024.77%,7.076GiB / 9.701GiB
1791455746,triage-triage-1,0.09%,42.69MiB / 9.701GiB
1791455746,triage-ollama-1,1005.75%,7.117GiB / 9.701GiB
1791455753,triage-triage-1,0.41%,42.53MiB / 9.701GiB
1791455753,triage-ollama-1,1006.60%,7.129GiB / 9.701GiB
1791455760,triage-triage-1,0.19%,42.78MiB / 9.701GiB
1791455760,triage-ollama-1,1006.65%,7.154GiB / 9.701GiB
1791455767,triage-triage-1,1.66%,42.73MiB / 9.701GiB
1791455767,triage-ollama-1,1000.82%,7.194GiB / 9.701GiB
1791455774,triage-triage-1,0.25%,43.43MiB / 9.701GiB
1791455774,triage-ollama-1,420.70%,7.209GiB / 9.701GiB
1791455782,triage-triage-1,0.10%,43.39MiB / 9.701GiB
1791455782,triage-ollama-1,319.20%,7.239GiB / 9.701GiB
1791455789,triage-triage-1,0.30%,43.27MiB / 9.701GiB
1791455789,triage-ollama-1,366.93%,7.256GiB / 9.701GiB
1791455796,triage-triage-1,0.98%,43.26MiB / 9.701GiB
1791455796,triage-ollama-1,6.32%,7.256GiB / 9.701GiB
1791455803,triage-triage-1,0.27%,43.5MiB / 9.701GiB
1791455803,triage-ollama-1,0.01%,7.256GiB / 9.701GiB
1791455809,triage-triage-1,0.10%,43.74MiB / 9.701GiB
1791455809,triage-ollama-1,1010.99%,7.256GiB / 9.701GiB
1791455816,triage-triage-1,0.23%,43.67MiB / 9.701GiB
1791455816,triage-ollama-1,0.01%,7.282GiB / 9.701GiB
1791455823,triage-triage-1,0.10%,43.64MiB / 9.701GiB
1791455823,triage-ollama-1,959.03%,7.325GiB / 9.701GiB
1791455830,triage-triage-1,0.31%,44.11MiB / 9.701GiB
1791455830,triage-ollama-1,0.01%,7.325GiB / 9.701GiB
1791455836,triage-triage-1,1.86%,43.14MiB / 9.701GiB
1791455836,triage-ollama-1,564.98%,7.325GiB / 9.701GiB
1791455842,triage-triage-1,0.69%,43.07MiB / 9.701GiB
1791455842,triage-ollama-1,1005.56%,7.351GiB / 9.701GiB
1791455849,triage-triage-1,0.47%,43.04MiB / 9.701GiB
1791455849,triage-ollama-1,1005.54%,7.373GiB / 9.701GiB
1791455857,triage-triage-1,0.85%,43.03MiB / 9.701GiB
1791455857,triage-ollama-1,0.01%,7.373GiB / 9.701GiB
1791455863,triage-triage-1,0.10%,43.49MiB / 9.701GiB
1791455863,triage-ollama-1,1004.58%,7.397GiB / 9.701GiB
1791455870,triage-triage-1,0.11%,43.43MiB / 9.701GiB
1791455870,triage-ollama-1,1004.53%,7.428GiB / 9.701GiB
1791455877,triage-triage-1,0.57%,43.36MiB / 9.701GiB
1791455877,triage-ollama-1,995.75%,7.457GiB / 9.701GiB
1791455884,triage-triage-1,0.60%,43.32MiB / 9.701GiB
1791455884,triage-ollama-1,1040.41%,7.457GiB / 9.701GiB
1791455891,triage-triage-1,0.44%,43.28MiB / 9.701GiB
1791455891,triage-ollama-1,1006.17%,7.48GiB / 9.701GiB
1791455898,triage-triage-1,0.30%,43.25MiB / 9.701GiB
1791455898,triage-ollama-1,4.76%,7.48GiB / 9.701GiB
1791455905,triage-triage-1,0.23%,43.25MiB / 9.701GiB
1791455905,triage-ollama-1,0.01%,7.48GiB / 9.701GiB
1791455912,triage-triage-1,0.32%,43.25MiB / 9.701GiB
1791455912,triage-ollama-1,0.01%,7.48GiB / 9.701GiB
1791455919,triage-triage-1,0.27%,43.25MiB / 9.701GiB
1791455919,triage-ollama-1,2.48%,7.481GiB / 9.701GiB
1791455925,triage-triage-1,0.30%,43.25MiB / 9.701GiB
1791455925,triage-ollama-1,0.01%,7.481GiB / 9.701GiB
1791455931,triage-triage-1,0.29%,43.25MiB / 9.701GiB
1791455931,triage-ollama-1,0.01%,7.479GiB / 9.701GiB
1791455937,triage-triage-1,0.28%,43.25MiB / 9.701GiB
1791455937,triage-ollama-1,0.01%,7.48GiB / 9.701GiB
1791455943,triage-triage-1,0.32%,43.25MiB / 9.701GiB
1791455943,triage-ollama-1,0.01%,7.479GiB / 9.701GiB
1791455949,triage-triage-1,0.29%,43.25MiB / 9.701GiB
1791455949,triage-ollama-1,4.00%,7.479GiB / 9.701GiB
1791455955,triage-triage-1,0.31%,43.25MiB / 9.701GiB
1791455955,triage-ollama-1,0.01%,7.479GiB / 9.701GiB
1791455962,triage-triage-1,0.29%,43.25MiB / 9.701GiB
1791455962,triage-ollama-1,0.01%,7.479GiB / 9.701GiB
1791455968,triage-triage-1,0.26%,43.25MiB / 9.701GiB
1791455968,triage-ollama-1,0.01%,7.479GiB / 9.701GiB
1791455975,triage-triage-1,0.34%,43.25MiB / 9.701GiB
1791455975,triage-ollama-1,0.01%,7.48GiB / 9.701GiB
1791455981,triage-triage-1,0.35%,43.25MiB / 9.701GiB
1791455981,triage-ollama-1,0.01%,7.48GiB / 9.701GiB
1791455987,triage-triage-1,0.31%,43.25MiB / 9.701GiB
1791455987,triage-ollama-1,0.01%,7.48GiB / 9.701GiB
1791455995,triage-triage-1,0.30%,43.25MiB / 9.701GiB
1791455995,triage-ollama-1,2.84%,7.479GiB / 9.701GiB
1791456002,triage-triage-1,0.27%,43.25MiB / 9.701GiB
1791456002,triage-ollama-1,0.01%,7.479GiB / 9.701GiB
1791456009,triage-triage-1,0.31%,43.25MiB / 9.701GiB
1791456009,triage-ollama-1,0.01%,7.48GiB / 9.701GiB
1791456016,triage-triage-1,0.30%,43.25MiB / 9.701GiB
1791456016,triage-ollama-1,0.01%,7.479GiB / 9.701GiB
1791456022,triage-triage-1,0.24%,43.25MiB / 9.701GiB
1791456022,triage-ollama-1,0.01%,7.48GiB / 9.701GiB
1791456028,triage-triage-1,0.43%,43.25MiB / 9.701GiB
1791456028,triage-ollama-1,0.01%,7.479GiB / 9.701GiB
1791456034,triage-triage-1,0.29%,43.25MiB / 9.701GiB
1791456034,triage-ollama-1,0.01%,7.479GiB / 9.701GiB
1791456040,triage-triage-1,0.28%,43.25MiB / 9.701GiB
1791456040,triage-ollama-1,1.93%,7.479GiB / 9.701GiB
1791456046,triage-triage-1,0.28%,43.25MiB / 9.701GiB
1791456046,triage-ollama-1,0.01%,7.479GiB / 9.701GiB
1791456052,triage-triage-1,0.34%,43.25MiB / 9.701GiB
1791456052,triage-ollama-1,0.01%,7.479GiB / 9.701GiB
1791456059,triage-triage-1,0.29%,43.25MiB / 9.701GiB
1791456059,triage-ollama-1,2.99%,7.492GiB / 9.701GiB
1791456065,triage-triage-1,0.26%,43.25MiB / 9.701GiB
1791456065,triage-ollama-1,0.00%,7.48GiB / 9.701GiB
1791456072,triage-triage-1,0.28%,43.25MiB / 9.701GiB
1791456072,triage-ollama-1,0.01%,7.479GiB / 9.701GiB
1791456079,triage-triage-1,0.26%,43.25MiB / 9.701GiB
1791456079,triage-ollama-1,0.01%,7.479GiB / 9.701GiB
1791456086,triage-triage-1,0.28%,43.25MiB / 9.701GiB
1791456086,triage-ollama-1,0.01%,7.479GiB / 9.701GiB
1791456093,triage-triage-1,0.28%,43.25MiB / 9.701GiB
1791456093,triage-ollama-1,0.00%,7.479GiB / 9.701GiB
1791456100,triage-triage-1,0.30%,43.25MiB / 9.701GiB
1791456100,triage-ollama-1,2.68%,7.48GiB / 9.701GiB
1791456107,triage-triage-1,0.28%,43.25MiB / 9.701GiB
1791456107,triage-ollama-1,0.01%,7.479GiB / 9.701GiB
1791456114,triage-triage-1,0.26%,43.25MiB / 9.701GiB
1791456114,triage-ollama-1,0.01%,7.48GiB / 9.701GiB
1791456121,triage-triage-1,0.28%,43.25MiB / 9.701GiB
1791456121,triage-ollama-1,0.01%,7.48GiB / 9.701GiB
1791456128,triage-triage-1,0.25%,43.25MiB / 9.701GiB
1791456128,triage-ollama-1,0.01%,7.479GiB / 9.701GiB
1791456134,triage-triage-1,0.23%,43.25MiB / 9.701GiB
1791456134,triage-ollama-1,0.01%,7.479GiB / 9.701GiB
1791456141,triage-triage-1,0.25%,43.25MiB / 9.701GiB
1791456141,triage-ollama-1,0.01%,7.48GiB / 9.701GiB
1791456148,triage-triage-1,0.35%,43.25MiB / 9.701GiB
1791456148,triage-ollama-1,0.01%,7.479GiB / 9.701GiB
1791456154,triage-triage-1,0.31%,43.25MiB / 9.701GiB
1791456154,triage-ollama-1,0.01%,7.48GiB / 9.701GiB
1791456160,triage-triage-1,0.28%,43.25MiB / 9.701GiB
1791456160,triage-ollama-1,3.36%,7.479GiB / 9.701GiB
1791456167,triage-triage-1,0.31%,43.25MiB / 9.701GiB
1791456167,triage-ollama-1,0.01%,7.479GiB / 9.701GiB
1791456173,triage-triage-1,0.28%,43.25MiB / 9.701GiB
1791456173,triage-ollama-1,0.01%,7.479GiB / 9.701GiB
1791456180,triage-triage-1,0.33%,43.25MiB / 9.701GiB
1791456180,triage-ollama-1,0.01%,7.479GiB / 9.701GiB
1791456186,triage-triage-1,0.34%,43.25MiB / 9.701GiB
1791456186,triage-ollama-1,3.18%,7.479GiB / 9.701GiB
1791456192,triage-triage-1,0.32%,43.25MiB / 9.701GiB
1791456192,triage-ollama-1,0.01%,7.479GiB / 9.701GiB
1791456198,triage-triage-1,0.32%,43.25MiB / 9.701GiB
1791456198,triage-ollama-1,0.01%,7.479GiB / 9.701GiB
1791456205,triage-triage-1,0.27%,43.25MiB / 9.701GiB
1791456205,triage-ollama-1,0.01%,7.479GiB / 9.701GiB
1791456211,triage-triage-1,0.28%,43.25MiB / 9.701GiB
1791456211,triage-ollama-1,2.72%,7.48GiB / 9.701GiB
1791456218,triage-triage-1,0.28%,43.25MiB / 9.701GiB
1791456218,triage-ollama-1,0.01%,7.479GiB / 9.701GiB
1791456225,triage-triage-1,0.28%,43.25MiB / 9.701GiB
1791456225,triage-ollama-1,0.00%,7.479GiB / 9.701GiB
1791456232,triage-triage-1,0.24%,43.25MiB / 9.701GiB
1791456232,triage-ollama-1,0.01%,7.479GiB / 9.701GiB
1791456238,triage-triage-1,0.26%,43.25MiB / 9.701GiB
1791456238,triage-ollama-1,0.01%,7.479GiB / 9.701GiB
1791456245,triage-triage-1,0.27%,43.25MiB / 9.701GiB
1791456245,triage-ollama-1,0.01%,7.479GiB / 9.701GiB
1791456253,triage-triage-1,0.29%,43.25MiB / 9.701GiB
1791456253,triage-ollama-1,0.01%,7.48GiB / 9.701GiB
1791456259,triage-triage-1,0.24%,43.25MiB / 9.701GiB
1791456259,triage-ollama-1,0.01%,7.479GiB / 9.701GiB
1791456266,triage-triage-1,0.26%,43.25MiB / 9.701GiB
1791456266,triage-ollama-1,0.01%,7.479GiB / 9.701GiB
1791456273,triage-triage-1,0.29%,43.25MiB / 9.701GiB
1791456273,triage-ollama-1,0.02%,7.48GiB / 9.701GiB
1791456279,triage-triage-1,0.28%,43.25MiB / 9.701GiB
1791456279,triage-ollama-1,0.01%,7.479GiB / 9.701GiB
1791456286,triage-triage-1,0.28%,43.25MiB / 9.701GiB
1791456286,triage-ollama-1,0.01%,7.48GiB / 9.701GiB
1791456292,triage-triage-1,0.29%,43.25MiB / 9.701GiB
1791456292,triage-ollama-1,3.38%,7.479GiB / 9.701GiB
1791456298,triage-triage-1,0.32%,43.25MiB / 9.701GiB
1791456298,triage-ollama-1,0.01%,7.479GiB / 9.701GiB
1791456304,triage-triage-1,0.24%,43.25MiB / 9.701GiB
1791456304,triage-ollama-1,0.01%,7.479GiB / 9.701GiB
1791456311,triage-triage-1,0.31%,43.25MiB / 9.701GiB
1791456311,triage-ollama-1,0.01%,7.479GiB / 9.701GiB
1791456317,triage-triage-1,0.21%,43.25MiB / 9.701GiB
1791456317,triage-ollama-1,0.01%,7.48GiB / 9.701GiB
1791456324,triage-triage-1,0.17%,43.25MiB / 9.701GiB
1791456324,triage-ollama-1,0.01%,7.48GiB / 9.701GiB
1791456331,triage-triage-1,0.28%,43.25MiB / 9.701GiB
1791456331,triage-ollama-1,0.00%,7.479GiB / 9.701GiB
1791456337,triage-triage-1,0.32%,43.25MiB / 9.701GiB
1791456337,triage-ollama-1,0.01%,7.479GiB / 9.701GiB
1791456345,triage-triage-1,0.31%,43.25MiB / 9.701GiB
1791456345,triage-ollama-1,0.01%,7.479GiB / 9.701GiB
1791456351,triage-triage-1,0.30%,43.25MiB / 9.701GiB
1791456351,triage-ollama-1,0.01%,7.479GiB / 9.701GiB
1791456357,triage-triage-1,0.28%,43.25MiB / 9.701GiB
1791456357,triage-ollama-1,0.01%,7.479GiB / 9.701GiB
1791456363,triage-triage-1,0.26%,43.25MiB / 9.701GiB
1791456363,triage-ollama-1,0.01%,7.48GiB / 9.701GiB
1791456369,triage-triage-1,0.29%,43.25MiB / 9.701GiB
1791456369,triage-ollama-1,0.01%,7.479GiB / 9.701GiB
1791456375,triage-triage-1,0.31%,43.25MiB / 9.701GiB
1791456375,triage-ollama-1,0.01%,7.48GiB / 9.701GiB
1791456382,triage-triage-1,0.30%,43.25MiB / 9.701GiB
1791456382,triage-ollama-1,2.67%,7.48GiB / 9.701GiB
1791456388,triage-triage-1,0.29%,43.25MiB / 9.701GiB
1791456388,triage-ollama-1,0.01%,7.479GiB / 9.701GiB
1791456395,triage-triage-1,0.30%,43.25MiB / 9.701GiB
1791456395,triage-ollama-1,0.01%,7.48GiB / 9.701GiB
1791456402,triage-triage-1,0.27%,43.25MiB / 9.701GiB
1791456402,triage-ollama-1,3.48%,7.479GiB / 9.701GiB
1791456408,triage-triage-1,0.35%,43.25MiB / 9.701GiB
1791456408,triage-ollama-1,0.01%,7.48GiB / 9.701GiB
1791456414,triage-triage-1,0.34%,43.25MiB / 9.701GiB
1791456414,triage-ollama-1,0.01%,7.479GiB / 9.701GiB
1791456420,triage-triage-1,0.26%,43.25MiB / 9.701GiB
1791456420,triage-ollama-1,0.01%,7.479GiB / 9.701GiB
1791456427,triage-triage-1,0.33%,43.25MiB / 9.701GiB
1791456427,triage-ollama-1,0.01%,7.479GiB / 9.701GiB
1791456434,triage-triage-1,0.33%,43.25MiB / 9.701GiB
1791456434,triage-ollama-1,0.01%,7.479GiB / 9.701GiB
1791456441,triage-triage-1,0.34%,43.25MiB / 9.701GiB
1791456441,triage-ollama-1,0.01%,7.48GiB / 9.701GiB
1791456447,triage-triage-1,0.36%,43.25MiB / 9.701GiB
1791456447,triage-ollama-1,2.89%,7.479GiB / 9.701GiB
1791456454,triage-triage-1,0.33%,43.25MiB / 9.701GiB
1791456454,triage-ollama-1,0.01%,7.48GiB / 9.701GiB
1791456460,triage-triage-1,0.30%,43.25MiB / 9.701GiB
1791456460,triage-ollama-1,0.01%,7.479GiB / 9.701GiB
1791456467,triage-triage-1,0.34%,43.25MiB / 9.701GiB
1791456467,triage-ollama-1,0.00%,7.479GiB / 9.701GiB
1791456474,triage-triage-1,0.37%,43.25MiB / 9.701GiB
1791456474,triage-ollama-1,0.01%,7.48GiB / 9.701GiB
1791456480,triage-triage-1,0.34%,43.25MiB / 9.701GiB
1791456480,triage-ollama-1,0.00%,7.48GiB / 9.701GiB
1791456486,triage-triage-1,0.33%,43.25MiB / 9.701GiB
1791456486,triage-ollama-1,0.01%,7.479GiB / 9.701GiB
1791456493,triage-triage-1,0.31%,43.25MiB / 9.701GiB
1791456493,triage-ollama-1,0.01%,7.479GiB / 9.701GiB
1791456500,triage-triage-1,0.29%,43.25MiB / 9.701GiB
1791456500,triage-ollama-1,0.02%,7.479GiB / 9.701GiB
1791456508,triage-triage-1,0.35%,43.25MiB / 9.701GiB
1791456508,triage-ollama-1,0.01%,7.479GiB / 9.701GiB
1791456514,triage-triage-1,0.26%,43.25MiB / 9.701GiB
1791456514,triage-ollama-1,0.01%,7.479GiB / 9.701GiB
1791456521,triage-triage-1,0.60%,43.25MiB / 9.701GiB
1791456521,triage-ollama-1,0.04%,7.479GiB / 9.701GiB
1791456527,triage-triage-1,0.29%,43.25MiB / 9.701GiB
1791456527,triage-ollama-1,0.01%,7.479GiB / 9.701GiB
1791456534,triage-triage-1,0.29%,43.25MiB / 9.701GiB
1791456534,triage-ollama-1,3.17%,7.479GiB / 9.701GiB
1791456540,triage-triage-1,0.36%,43.25MiB / 9.701GiB
1791456540,triage-ollama-1,0.01%,7.479GiB / 9.701GiB
1791456547,triage-triage-1,0.39%,43.25MiB / 9.701GiB
1791456547,triage-ollama-1,0.01%,7.479GiB / 9.701GiB
1791456554,triage-triage-1,0.29%,43.25MiB / 9.701GiB
1791456554,triage-ollama-1,2.89%,7.479GiB / 9.701GiB
1791456560,triage-triage-1,0.33%,43.25MiB / 9.701GiB
1791456560,triage-ollama-1,0.01%,7.479GiB / 9.701GiB
1791456566,triage-triage-1,0.31%,43.25MiB / 9.701GiB
1791456566,triage-ollama-1,0.01%,7.479GiB / 9.701GiB
1791456572,triage-triage-1,0.36%,43.25MiB / 9.701GiB
1791456572,triage-ollama-1,0.02%,7.479GiB / 9.701GiB
1791456579,triage-triage-1,0.29%,43.25MiB / 9.701GiB
1791456579,triage-ollama-1,0.01%,7.479GiB / 9.701GiB
1791456587,triage-triage-1,0.30%,43.25MiB / 9.701GiB
1791456587,triage-ollama-1,0.01%,7.479GiB / 9.701GiB
1791456594,triage-triage-1,0.26%,43.25MiB / 9.701GiB
1791456594,triage-ollama-1,0.80%,7.485GiB / 9.701GiB
1791456600,triage-triage-1,0.35%,43.25MiB / 9.701GiB
1791456600,triage-ollama-1,0.51%,7.48GiB / 9.701GiB
1791456606,triage-triage-1,0.37%,43.25MiB / 9.701GiB
1791456606,triage-ollama-1,0.01%,7.479GiB / 9.701GiB
1791456613,triage-triage-1,0.37%,43.25MiB / 9.701GiB
1791456613,triage-ollama-1,0.01%,7.479GiB / 9.701GiB
1791456619,triage-triage-1,0.52%,43.25MiB / 9.701GiB
1791456619,triage-ollama-1,3.06%,7.48GiB / 9.701GiB
1791456625,triage-triage-1,0.30%,43.25MiB / 9.701GiB
1791456625,triage-ollama-1,0.01%,7.479GiB / 9.701GiB
1791456632,triage-triage-1,0.35%,43.25MiB / 9.701GiB
1791456632,triage-ollama-1,0.01%,7.48GiB / 9.701GiB
1791456638,triage-triage-1,0.30%,43.25MiB / 9.701GiB
1791456638,triage-ollama-1,0.01%,7.479GiB / 9.701GiB
1791456645,triage-triage-1,0.29%,43.25MiB / 9.701GiB
1791456645,triage-ollama-1,0.01%,7.48GiB / 9.701GiB
1791456652,triage-triage-1,0.36%,43.25MiB / 9.701GiB
1791456652,triage-ollama-1,0.01%,7.48GiB / 9.701GiB
1791456659,triage-triage-1,0.32%,43.25MiB / 9.701GiB
1791456659,triage-ollama-1,2.76%,7.48GiB / 9.701GiB
1791456666,triage-triage-1,0.30%,43.25MiB / 9.701GiB
1791456666,triage-ollama-1,0.01%,7.48GiB / 9.701GiB
1791456673,triage-triage-1,0.35%,43.25MiB / 9.701GiB
1791456673,triage-ollama-1,0.01%,7.479GiB / 9.701GiB
1791456680,triage-triage-1,0.33%,43.25MiB / 9.701GiB
1791456680,triage-ollama-1,2.68%,7.48GiB / 9.701GiB
1791456686,triage-triage-1,0.32%,43.25MiB / 9.701GiB
1791456686,triage-ollama-1,0.01%,7.479GiB / 9.701GiB
1791456692,triage-triage-1,0.35%,43.25MiB / 9.701GiB
1791456692,triage-ollama-1,0.01%,7.48GiB / 9.701GiB
1791456698,triage-triage-1,0.29%,43.25MiB / 9.701GiB
1791456698,triage-ollama-1,0.00%,7.479GiB / 9.701GiB
1791456705,triage-triage-1,0.28%,43.25MiB / 9.701GiB
1791456705,triage-ollama-1,2.97%,7.48GiB / 9.701GiB
1791456711,triage-triage-1,0.28%,43.25MiB / 9.701GiB
1791456711,triage-ollama-1,0.01%,7.479GiB / 9.701GiB
1791456718,triage-triage-1,0.30%,43.25MiB / 9.701GiB
1791456718,triage-ollama-1,0.01%,7.479GiB / 9.701GiB
