epoch_s,container,cpu_percent,memory_usage
1791535019.883,triage-triage-1,0.21%,44.68MiB / 9.701GiB
1791535019.883,triage-ollama-1,0.01%,4.75GiB / 9.701GiB
1791535026.951,triage-triage-1,0.25%,44.93MiB / 9.701GiB
1791535026.951,triage-ollama-1,437.46%,4.8GiB / 9.701GiB
1791535033.170,triage-triage-1,0.10%,46.04MiB / 9.701GiB
1791535033.170,triage-ollama-1,1000.61%,4.868GiB / 9.701GiB
1791535040.232,triage-triage-1,0.08%,46.01MiB / 9.701GiB
1791535040.232,triage-ollama-1,65.11%,4.918GiB / 9.701GiB
1791535047.371,triage-triage-1,0.22%,46.92MiB / 9.701GiB
1791535047.371,triage-ollama-1,999.84%,4.953GiB / 9.701GiB
1791535054.235,triage-triage-1,0.09%,47.1MiB / 9.701GiB
1791535054.235,triage-ollama-1,1007.35%,4.96GiB / 9.701GiB
1791535061.328,triage-triage-1,0.08%,47.08MiB / 9.701GiB
1791535061.328,triage-ollama-1,985.07%,5.013GiB / 9.701GiB
1791535068.438,triage-triage-1,0.09%,47MiB / 9.701GiB
1791535068.438,triage-ollama-1,998.96%,5.029GiB / 9.701GiB
1791535075.219,triage-triage-1,0.17%,47.62MiB / 9.701GiB
1791535075.219,triage-ollama-1,1000.45%,5.073GiB / 9.701GiB
1791535082.331,triage-triage-1,0.24%,48.26MiB / 9.701GiB
1791535082.331,triage-ollama-1,996.58%,5.109GiB / 9.701GiB
1791535089.427,triage-triage-1,0.26%,48.44MiB / 9.701GiB
1791535089.427,triage-ollama-1,1000.90%,5.142GiB / 9.701GiB
1791535096.528,triage-triage-1,0.38%,48.79MiB / 9.701GiB
1791535096.528,triage-ollama-1,997.54%,5.182GiB / 9.701GiB
1791535103.205,triage-triage-1,0.20%,48.53MiB / 9.701GiB
1791535103.205,triage-ollama-1,1001.27%,5.203GiB / 9.701GiB
1791535110.306,triage-triage-1,0.27%,48.91MiB / 9.701GiB
1791535110.306,triage-ollama-1,1000.33%,5.236GiB / 9.701GiB
1791535117.378,triage-triage-1,0.09%,48.87MiB / 9.701GiB
1791535117.378,triage-ollama-1,999.77%,5.277GiB / 9.701GiB
1791535124.206,triage-triage-1,0.08%,48.82MiB / 9.701GiB
1791535124.206,triage-ollama-1,999.18%,5.313GiB / 9.701GiB
1791535131.298,triage-triage-1,0.09%,49.25MiB / 9.701GiB
1791535131.298,triage-ollama-1,998.67%,5.341GiB / 9.701GiB
1791535138.397,triage-triage-1,0.10%,49.66MiB / 9.701GiB
1791535138.397,triage-ollama-1,997.42%,5.371GiB / 9.701GiB
1791535145.241,triage-triage-1,0.28%,49.55MiB / 9.701GiB
1791535145.241,triage-ollama-1,1000.26%,5.385GiB / 9.701GiB
1791535152.342,triage-triage-1,0.09%,49.74MiB / 9.701GiB
1791535152.342,triage-ollama-1,998.80%,5.405GiB / 9.701GiB
1791535159.410,triage-triage-1,0.43%,49.89MiB / 9.701GiB
1791535159.410,triage-ollama-1,1003.47%,5.452GiB / 9.701GiB
1791535166.509,triage-triage-1,0.24%,50.28MiB / 9.701GiB
1791535166.509,triage-ollama-1,1005.71%,5.453GiB / 9.701GiB
1791535173.250,triage-triage-1,0.27%,50.2MiB / 9.701GiB
1791535173.250,triage-ollama-1,987.16%,5.498GiB / 9.701GiB
1791535180.350,triage-triage-1,0.08%,50.18MiB / 9.701GiB
1791535180.350,triage-ollama-1,1000.76%,5.489GiB / 9.701GiB
1791535187.469,triage-triage-1,0.36%,50.39MiB / 9.701GiB
1791535187.469,triage-ollama-1,0.01%,5.523GiB / 9.701GiB
1791535194.186,triage-triage-1,0.53%,50.57MiB / 9.701GiB
1791535194.186,triage-ollama-1,182.47%,5.564GiB / 9.701GiB
1791535201.255,triage-triage-1,0.17%,50.76MiB / 9.701GiB
1791535201.255,triage-ollama-1,3.47%,5.564GiB / 9.701GiB
1791535208.353,triage-triage-1,0.48%,50.75MiB / 9.701GiB
1791535208.353,triage-ollama-1,999.19%,5.564GiB / 9.701GiB
1791535215.203,triage-triage-1,0.31%,50.69MiB / 9.701GiB
1791535215.203,triage-ollama-1,996.01%,5.586GiB / 9.701GiB
1791535222.263,triage-triage-1,0.51%,50.65MiB / 9.701GiB
1791535222.263,triage-ollama-1,937.00%,5.616GiB / 9.701GiB
1791535228.332,triage-triage-1,0.21%,50.61MiB / 9.701GiB
1791535228.332,triage-ollama-1,0.01%,5.615GiB / 9.701GiB
1791535235.169,triage-triage-1,0.25%,50.6MiB / 9.701GiB
1791535235.169,triage-ollama-1,0.01%,5.615GiB / 9.701GiB
1791535241.254,triage-triage-1,0.21%,50.58MiB / 9.701GiB
1791535241.254,triage-ollama-1,3.66%,5.631GiB / 9.701GiB
1791535248.339,triage-triage-1,0.42%,51.07MiB / 9.701GiB
1791535248.339,triage-ollama-1,1004.65%,5.645GiB / 9.701GiB
1791535255.326,triage-triage-1,0.11%,51.29MiB / 9.701GiB
1791535255.326,triage-ollama-1,1000.66%,5.669GiB / 9.701GiB
1791535262.423,triage-triage-1,0.17%,51.25MiB / 9.701GiB
1791535262.423,triage-ollama-1,988.79%,5.686GiB / 9.701GiB
1791535269.517,triage-triage-1,0.26%,51.19MiB / 9.701GiB
1791535269.517,triage-ollama-1,1000.57%,5.689GiB / 9.701GiB
1791535276.581,triage-triage-1,0.19%,50.93MiB / 9.701GiB
1791535276.581,triage-ollama-1,1003.31%,5.745GiB / 9.701GiB
1791535283.386,triage-triage-1,0.09%,50.89MiB / 9.701GiB
1791535283.386,triage-ollama-1,1002.65%,5.766GiB / 9.701GiB
1791535290.478,triage-triage-1,0.08%,50.85MiB / 9.701GiB
1791535290.478,triage-ollama-1,999.56%,5.816GiB / 9.701GiB
1791535297.610,triage-triage-1,0.09%,51.55MiB / 9.701GiB
1791535297.610,triage-ollama-1,1002.26%,5.86GiB / 9.701GiB
1791535304.316,triage-triage-1,0.10%,51.53MiB / 9.701GiB
1791535304.316,triage-ollama-1,1010.15%,5.908GiB / 9.701GiB
1791535311.413,triage-triage-1,0.36%,51.5MiB / 9.701GiB
1791535311.413,triage-ollama-1,993.20%,5.933GiB / 9.701GiB
1791535318.520,triage-triage-1,0.08%,51.43MiB / 9.701GiB
1791535318.520,triage-ollama-1,994.43%,5.933GiB / 9.701GiB
1791535325.351,triage-triage-1,0.22%,51.64MiB / 9.701GiB
1791535325.351,triage-ollama-1,0.01%,5.934GiB / 9.701GiB
1791535332.464,triage-triage-1,0.10%,51.34MiB / 9.701GiB
1791535332.464,triage-ollama-1,989.52%,5.936GiB / 9.701GiB
1791535338.543,triage-triage-1,0.15%,51.56MiB / 9.701GiB
1791535338.543,triage-ollama-1,0.01%,5.936GiB / 9.701GiB
1791535345.201,triage-triage-1,0.47%,51.55MiB / 9.701GiB
1791535345.201,triage-ollama-1,997.95%,5.951GiB / 9.701GiB
1791535352.358,triage-triage-1,0.26%,51.76MiB / 9.701GiB
1791535352.358,triage-ollama-1,995.85%,5.968GiB / 9.701GiB
1791535359.455,triage-triage-1,0.29%,51.71MiB / 9.701GiB
1791535359.455,triage-ollama-1,997.63%,6.006GiB / 9.701GiB
1791535366.518,triage-triage-1,0.45%,51.39MiB / 9.701GiB
1791535366.518,triage-ollama-1,1004.55%,6.007GiB / 9.701GiB
1791535373.292,triage-triage-1,0.19%,51.62MiB / 9.701GiB
1791535373.292,triage-ollama-1,996.80%,6.032GiB / 9.701GiB
1791535380.401,triage-triage-1,0.37%,51.59MiB / 9.701GiB
1791535380.401,triage-ollama-1,1001.62%,6.063GiB / 9.701GiB
1791535387.477,triage-triage-1,0.35%,51.54MiB / 9.701GiB
1791535387.477,triage-ollama-1,996.92%,6.119GiB / 9.701GiB
1791535394.226,triage-triage-1,0.09%,51.74MiB / 9.701GiB
1791535394.226,triage-ollama-1,1000.63%,6.133GiB / 9.701GiB
1791535401.325,triage-triage-1,0.77%,51.96MiB / 9.701GiB
1791535401.325,triage-ollama-1,1000.57%,6.176GiB / 9.701GiB
1791535408.418,triage-triage-1,0.62%,52.43MiB / 9.701GiB
1791535408.418,triage-ollama-1,999.21%,6.225GiB / 9.701GiB
1791535415.297,triage-triage-1,0.08%,52.35MiB / 9.701GiB
1791535415.297,triage-ollama-1,1007.03%,6.275GiB / 9.701GiB
1791535422.398,triage-triage-1,0.39%,52.55MiB / 9.701GiB
1791535422.398,triage-ollama-1,999.58%,6.315GiB / 9.701GiB
1791535429.539,triage-triage-1,0.51%,52.72MiB / 9.701GiB
1791535429.539,triage-ollama-1,1004.46%,6.336GiB / 9.701GiB
1791535436.629,triage-triage-1,0.09%,52.93MiB / 9.701GiB
1791535436.629,triage-ollama-1,1002.43%,6.336GiB / 9.701GiB
1791535443.341,triage-triage-1,0.45%,53.07MiB / 9.701GiB
1791535443.341,triage-ollama-1,997.45%,6.375GiB / 9.701GiB
1791535450.395,triage-triage-1,0.49%,52.97MiB / 9.701GiB
1791535450.395,triage-ollama-1,995.44%,6.414GiB / 9.701GiB
1791535457.493,triage-triage-1,0.24%,52.94MiB / 9.701GiB
1791535457.493,triage-ollama-1,1000.28%,6.439GiB / 9.701GiB
1791535464.299,triage-triage-1,0.13%,52.89MiB / 9.701GiB
1791535464.299,triage-ollama-1,1005.79%,6.478GiB / 9.701GiB
1791535471.384,triage-triage-1,0.09%,52.88MiB / 9.701GiB
1791535471.384,triage-ollama-1,981.61%,6.526GiB / 9.701GiB
1791535478.482,triage-triage-1,0.09%,53.07MiB / 9.701GiB
1791535478.482,triage-ollama-1,993.21%,6.557GiB / 9.701GiB
1791535485.347,triage-triage-1,0.30%,52.77MiB / 9.701GiB
1791535485.347,triage-ollama-1,993.18%,6.598GiB / 9.701GiB
1791535492.462,triage-triage-1,0.09%,52.73MiB / 9.701GiB
1791535492.462,triage-ollama-1,996.46%,6.64GiB / 9.701GiB
1791535499.557,triage-triage-1,0.37%,53.11MiB / 9.701GiB
1791535499.557,triage-ollama-1,1003.52%,6.64GiB / 9.701GiB
1791535506.663,triage-triage-1,0.53%,53.04MiB / 9.701GiB
1791535506.663,triage-ollama-1,1001.59%,6.658GiB / 9.701GiB
1791535513.383,triage-triage-1,0.14%,53.02MiB / 9.701GiB
1791535513.383,triage-ollama-1,0.01%,6.658GiB / 9.701GiB
1791535520.477,triage-triage-1,0.47%,52.96MiB / 9.701GiB
1791535520.477,triage-ollama-1,997.54%,6.675GiB / 9.701GiB
1791535527.562,triage-triage-1,0.63%,53.18MiB / 9.701GiB
1791535527.562,triage-ollama-1,998.49%,6.704GiB / 9.701GiB
1791535534.391,triage-triage-1,0.32%,53.37MiB / 9.701GiB
1791535534.391,triage-ollama-1,1000.14%,6.703GiB / 9.701GiB
1791535541.464,triage-triage-1,0.09%,53.34MiB / 9.701GiB
1791535541.464,triage-ollama-1,995.90%,6.76GiB / 9.701GiB
1791535547.534,triage-triage-1,0.17%,54.03MiB / 9.701GiB
1791535547.534,triage-ollama-1,0.01%,6.759GiB / 9.701GiB
1791535554.292,triage-triage-1,0.18%,54.76MiB / 9.701GiB
1791535554.292,triage-ollama-1,0.01%,6.76GiB / 9.701GiB
1791535561.407,triage-triage-1,0.38%,54.7MiB / 9.701GiB
1791535561.407,triage-ollama-1,993.83%,6.791GiB / 9.701GiB
1791535568.472,triage-triage-1,0.25%,54.67MiB / 9.701GiB
1791535568.472,triage-ollama-1,1004.52%,6.837GiB / 9.701GiB
1791535575.409,triage-triage-1,0.07%,54.61MiB / 9.701GiB
1791535575.409,triage-ollama-1,1000.78%,6.874GiB / 9.701GiB
1791535582.504,triage-triage-1,0.29%,54.59MiB / 9.701GiB
1791535582.504,triage-ollama-1,1000.41%,6.9GiB / 9.701GiB
1791535589.599,triage-triage-1,0.28%,54.5MiB / 9.701GiB
1791535589.599,triage-ollama-1,1000.71%,6.932GiB / 9.701GiB
1791535596.680,triage-triage-1,0.09%,54.71MiB / 9.701GiB
1791535596.680,triage-ollama-1,995.27%,6.974GiB / 9.701GiB
1791535603.399,triage-triage-1,0.38%,54.69MiB / 9.701GiB
1791535603.399,triage-ollama-1,999.28%,7.004GiB / 9.701GiB
1791535610.489,triage-triage-1,0.26%,54.62MiB / 9.701GiB
1791535610.489,triage-ollama-1,1004.64%,7.02GiB / 9.701GiB
1791535617.548,triage-triage-1,0.27%,54.59MiB / 9.701GiB
1791535617.548,triage-ollama-1,996.82%,7.074GiB / 9.701GiB
1791535624.380,triage-triage-1,0.25%,54.76MiB / 9.701GiB
1791535624.380,triage-ollama-1,999.40%,7.114GiB / 9.701GiB
1791535631.472,triage-triage-1,0.17%,54.72MiB / 9.701GiB
1791535631.472,triage-ollama-1,0.01%,7.114GiB / 9.701GiB
1791535637.541,triage-triage-1,0.16%,54.72MiB / 9.701GiB
1791535637.541,triage-ollama-1,3.12%,7.115GiB / 9.701GiB
1791535644.330,triage-triage-1,0.21%,54.72MiB / 9.701GiB
1791535644.330,triage-ollama-1,0.01%,7.115GiB / 9.701GiB
1791535651.415,triage-triage-1,0.18%,54.72MiB / 9.701GiB
1791535651.415,triage-ollama-1,0.00%,7.115GiB / 9.701GiB
1791535658.497,triage-triage-1,0.17%,54.72MiB / 9.701GiB
1791535658.497,triage-ollama-1,2.81%,7.114GiB / 9.701GiB
1791535665.350,triage-triage-1,0.20%,54.72MiB / 9.701GiB
1791535665.350,triage-ollama-1,0.02%,7.113GiB / 9.701GiB
1791535671.427,triage-triage-1,0.19%,54.72MiB / 9.701GiB
1791535671.427,triage-ollama-1,0.00%,7.114GiB / 9.701GiB
1791535677.497,triage-triage-1,0.21%,54.72MiB / 9.701GiB
1791535677.497,triage-ollama-1,2.95%,7.113GiB / 9.701GiB
1791535684.309,triage-triage-1,0.24%,54.72MiB / 9.701GiB
1791535684.309,triage-ollama-1,0.02%,7.114GiB / 9.701GiB
1791535690.388,triage-triage-1,0.20%,54.72MiB / 9.701GiB
1791535690.388,triage-ollama-1,0.01%,7.114GiB / 9.701GiB
1791535697.481,triage-triage-1,0.27%,54.72MiB / 9.701GiB
1791535697.481,triage-ollama-1,0.01%,7.114GiB / 9.701GiB
1791535704.328,triage-triage-1,0.26%,54.72MiB / 9.701GiB
1791535704.328,triage-ollama-1,0.01%,7.114GiB / 9.701GiB
1791535710.394,triage-triage-1,0.20%,54.72MiB / 9.701GiB
1791535710.394,triage-ollama-1,0.01%,7.114GiB / 9.701GiB
1791535717.470,triage-triage-1,0.19%,54.72MiB / 9.701GiB
1791535717.470,triage-ollama-1,0.01%,7.114GiB / 9.701GiB
1791535724.329,triage-triage-1,0.19%,54.72MiB / 9.701GiB
1791535724.329,triage-ollama-1,0.01%,7.113GiB / 9.701GiB
1791535730.402,triage-triage-1,0.16%,54.72MiB / 9.701GiB
1791535730.402,triage-ollama-1,0.02%,7.114GiB / 9.701GiB
1791535737.488,triage-triage-1,0.15%,54.72MiB / 9.701GiB
1791535737.488,triage-ollama-1,0.01%,7.114GiB / 9.701GiB
1791535744.351,triage-triage-1,0.15%,54.72MiB / 9.701GiB
1791535744.351,triage-ollama-1,0.00%,7.114GiB / 9.701GiB
1791535751.428,triage-triage-1,0.22%,54.72MiB / 9.701GiB
1791535751.428,triage-ollama-1,0.01%,7.114GiB / 9.701GiB
1791535758.506,triage-triage-1,0.20%,54.72MiB / 9.701GiB
1791535758.506,triage-ollama-1,2.93%,7.114GiB / 9.701GiB
1791535765.358,triage-triage-1,0.21%,54.72MiB / 9.701GiB
1791535765.358,triage-ollama-1,0.00%,7.114GiB / 9.701GiB
1791535771.429,triage-triage-1,0.20%,54.72MiB / 9.701GiB
1791535771.429,triage-ollama-1,0.01%,7.114GiB / 9.701GiB
1791535777.496,triage-triage-1,0.21%,54.72MiB / 9.701GiB
1791535777.496,triage-ollama-1,0.01%,7.114GiB / 9.701GiB
1791535784.371,triage-triage-1,0.23%,54.72MiB / 9.701GiB
1791535784.371,triage-ollama-1,0.01%,7.114GiB / 9.701GiB
1791535791.443,triage-triage-1,0.18%,54.72MiB / 9.701GiB
1791535791.443,triage-ollama-1,0.01%,7.114GiB / 9.701GiB
1791535797.509,triage-triage-1,0.22%,54.72MiB / 9.701GiB
1791535797.509,triage-ollama-1,0.01%,7.114GiB / 9.701GiB
1791535804.353,triage-triage-1,0.16%,54.72MiB / 9.701GiB
1791535804.353,triage-ollama-1,0.01%,7.114GiB / 9.701GiB
1791535811.429,triage-triage-1,0.20%,54.72MiB / 9.701GiB
1791535811.429,triage-ollama-1,0.00%,7.114GiB / 9.701GiB
1791535817.505,triage-triage-1,0.15%,54.72MiB / 9.701GiB
1791535817.505,triage-ollama-1,0.00%,7.114GiB / 9.701GiB
1791535824.348,triage-triage-1,0.18%,54.72MiB / 9.701GiB
1791535824.348,triage-ollama-1,1.85%,7.114GiB / 9.701GiB
1791535830.416,triage-triage-1,0.21%,54.72MiB / 9.701GiB
1791535830.416,triage-ollama-1,0.01%,7.114GiB / 9.701GiB
1791535836.485,triage-triage-1,0.19%,54.72MiB / 9.701GiB
1791535836.485,triage-ollama-1,0.01%,7.114GiB / 9.701GiB
1791535843.344,triage-triage-1,0.16%,54.72MiB / 9.701GiB
1791535843.344,triage-ollama-1,0.00%,7.114GiB / 9.701GiB
1791535850.426,triage-triage-1,0.24%,54.72MiB / 9.701GiB
1791535850.426,triage-ollama-1,0.01%,7.114GiB / 9.701GiB
1791535856.502,triage-triage-1,0.19%,54.72MiB / 9.701GiB
1791535856.502,triage-ollama-1,0.01%,7.114GiB / 9.701GiB
1791535863.358,triage-triage-1,0.13%,54.72MiB / 9.701GiB
1791535863.358,triage-ollama-1,0.01%,7.114GiB / 9.701GiB
1791535870.436,triage-triage-1,0.13%,54.72MiB / 9.701GiB
1791535870.436,triage-ollama-1,2.99%,7.114GiB / 9.701GiB
1791535876.508,triage-triage-1,0.19%,54.72MiB / 9.701GiB
1791535876.508,triage-ollama-1,0.01%,7.114GiB / 9.701GiB
1791535883.354,triage-triage-1,0.16%,54.72MiB / 9.701GiB
1791535883.354,triage-ollama-1,0.01%,7.114GiB / 9.701GiB
1791535889.428,triage-triage-1,0.28%,54.72MiB / 9.701GiB
1791535889.428,triage-ollama-1,2.86%,7.114GiB / 9.701GiB
1791535896.515,triage-triage-1,0.15%,54.72MiB / 9.701GiB
1791535896.515,triage-ollama-1,0.01%,7.114GiB / 9.701GiB
1791535903.370,triage-triage-1,0.18%,54.72MiB / 9.701GiB
1791535903.370,triage-ollama-1,0.01%,7.114GiB / 9.701GiB
1791535909.433,triage-triage-1,0.20%,54.72MiB / 9.701GiB
1791535909.433,triage-ollama-1,2.70%,7.114GiB / 9.701GiB
1791535916.508,triage-triage-1,0.22%,54.72MiB / 9.701GiB
1791535916.508,triage-ollama-1,0.01%,7.115GiB / 9.701GiB
1791535923.372,triage-triage-1,0.16%,54.72MiB / 9.701GiB
1791535923.372,triage-ollama-1,0.01%,7.114GiB / 9.701GiB
1791535930.439,triage-triage-1,0.19%,54.72MiB / 9.701GiB
1791535930.439,triage-ollama-1,2.94%,7.115GiB / 9.701GiB
1791535937.513,triage-triage-1,0.18%,54.72MiB / 9.701GiB
1791535937.513,triage-ollama-1,0.01%,7.114GiB / 9.701GiB
1791535944.382,triage-triage-1,0.22%,54.72MiB / 9.701GiB
1791535944.382,triage-ollama-1,0.00%,7.114GiB / 9.701GiB
1791535951.463,triage-triage-1,0.21%,54.72MiB / 9.701GiB
1791535951.463,triage-ollama-1,0.01%,7.114GiB / 9.701GiB
1791535958.546,triage-triage-1,0.17%,54.72MiB / 9.701GiB
1791535958.546,triage-ollama-1,0.00%,7.114GiB / 9.701GiB
1791535965.403,triage-triage-1,0.22%,54.72MiB / 9.701GiB
1791535965.403,triage-ollama-1,3.05%,7.114GiB / 9.701GiB
1791535972.486,triage-triage-1,0.17%,54.72MiB / 9.701GiB
1791535972.486,triage-ollama-1,0.01%,7.114GiB / 9.701GiB
1791535978.556,triage-triage-1,0.17%,54.72MiB / 9.701GiB
1791535978.556,triage-ollama-1,0.00%,7.114GiB / 9.701GiB
1791535985.410,triage-triage-1,0.16%,54.72MiB / 9.701GiB
1791535985.410,triage-ollama-1,3.10%,7.114GiB / 9.701GiB
1791535992.596,triage-triage-1,0.20%,54.72MiB / 9.701GiB
1791535992.596,triage-ollama-1,0.01%,7.114GiB / 9.701GiB
1791535998.665,triage-triage-1,0.15%,54.72MiB / 9.701GiB
1791535998.665,triage-ollama-1,0.01%,7.114GiB / 9.701GiB
1791536005.498,triage-triage-1,0.20%,54.72MiB / 9.701GiB
1791536005.498,triage-ollama-1,3.04%,7.114GiB / 9.701GiB
1791536012.582,triage-triage-1,0.15%,54.72MiB / 9.701GiB
1791536012.582,triage-ollama-1,0.01%,7.114GiB / 9.701GiB
1791536018.643,triage-triage-1,0.20%,54.72MiB / 9.701GiB
1791536018.643,triage-ollama-1,0.01%,7.114GiB / 9.701GiB
1791536025.497,triage-triage-1,0.24%,54.72MiB / 9.701GiB
1791536025.497,triage-ollama-1,3.01%,7.114GiB / 9.701GiB
1791536032.585,triage-triage-1,0.17%,54.72MiB / 9.701GiB
1791536032.585,triage-ollama-1,0.01%,7.114GiB / 9.701GiB
1791536038.653,triage-triage-1,0.20%,54.72MiB / 9.701GiB
1791536038.653,triage-ollama-1,0.01%,7.114GiB / 9.701GiB
1791536045.506,triage-triage-1,0.17%,54.72MiB / 9.701GiB
1791536045.506,triage-ollama-1,3.47%,7.114GiB / 9.701GiB
1791536052.577,triage-triage-1,0.17%,54.72MiB / 9.701GiB
1791536052.577,triage-ollama-1,0.01%,7.114GiB / 9.701GiB
1791536059.656,triage-triage-1,0.14%,54.72MiB / 9.701GiB
1791536059.656,triage-ollama-1,0.00%,7.114GiB / 9.701GiB
1791536065.727,triage-triage-1,0.17%,54.72MiB / 9.701GiB
1791536065.727,triage-ollama-1,2.82%,7.113GiB / 9.701GiB
1791536072.802,triage-triage-1,0.18%,54.72MiB / 9.701GiB
1791536072.802,triage-ollama-1,0.01%,7.113GiB / 9.701GiB
1791536079.891,triage-triage-1,0.15%,54.72MiB / 9.701GiB
1791536079.891,triage-ollama-1,0.01%,7.114GiB / 9.701GiB
1791536085.961,triage-triage-1,0.18%,54.72MiB / 9.701GiB
1791536085.961,triage-ollama-1,2.92%,7.114GiB / 9.701GiB
1791536092.035,triage-triage-1,0.19%,54.72MiB / 9.701GiB
1791536092.035,triage-ollama-1,0.01%,7.114GiB / 9.701GiB
1791536099.121,triage-triage-1,0.18%,54.72MiB / 9.701GiB
1791536099.121,triage-ollama-1,0.01%,7.114GiB / 9.701GiB
1791536105.519,triage-triage-1,0.20%,54.72MiB / 9.701GiB
1791536105.519,triage-ollama-1,0.01%,7.113GiB / 9.701GiB
1791536112.606,triage-triage-1,0.24%,54.72MiB / 9.701GiB
1791536112.606,triage-ollama-1,0.00%,7.114GiB / 9.701GiB
1791536118.682,triage-triage-1,0.17%,54.72MiB / 9.701GiB
1791536118.682,triage-ollama-1,0.01%,7.114GiB / 9.701GiB
1791536125.529,triage-triage-1,0.21%,54.72MiB / 9.701GiB
1791536125.529,triage-ollama-1,0.01%,7.113GiB / 9.701GiB
1791536131.593,triage-triage-1,0.17%,54.72MiB / 9.701GiB
1791536131.593,triage-ollama-1,2.79%,7.114GiB / 9.701GiB
1791536138.670,triage-triage-1,0.16%,54.72MiB / 9.701GiB
1791536138.670,triage-ollama-1,0.01%,7.114GiB / 9.701GiB
1791536145.532,triage-triage-1,0.28%,54.72MiB / 9.701GiB
1791536145.532,triage-ollama-1,0.00%,7.114GiB / 9.701GiB
1791536151.599,triage-triage-1,0.14%,54.72MiB / 9.701GiB
1791536151.599,triage-ollama-1,3.42%,7.114GiB / 9.701GiB
1791536158.683,triage-triage-1,0.14%,54.72MiB / 9.701GiB
1791536158.683,triage-ollama-1,0.01%,7.114GiB / 9.701GiB
1791536165.526,triage-triage-1,0.19%,54.72MiB / 9.701GiB
1791536165.526,triage-ollama-1,0.01%,7.114GiB / 9.701GiB
1791536172.598,triage-triage-1,0.22%,54.72MiB / 9.701GiB
1791536172.598,triage-ollama-1,0.01%,7.114GiB / 9.701GiB
1791536179.686,triage-triage-1,0.12%,54.72MiB / 9.701GiB
1791536179.686,triage-ollama-1,0.01%,7.114GiB / 9.701GiB
1791536185.756,triage-triage-1,0.19%,54.72MiB / 9.701GiB
1791536185.756,triage-ollama-1,0.01%,7.114GiB / 9.701GiB
1791536192.853,triage-triage-1,0.23%,54.72MiB / 9.701GiB
1791536192.853,triage-ollama-1,0.01%,7.114GiB / 9.701GiB
1791536199.945,triage-triage-1,0.17%,54.72MiB / 9.701GiB
1791536199.945,triage-ollama-1,0.01%,7.114GiB / 9.701GiB
1791536207.018,triage-triage-1,0.18%,54.72MiB / 9.701GiB
1791536207.018,triage-ollama-1,0.01%,7.114GiB / 9.701GiB
1791536213.536,triage-triage-1,0.19%,54.72MiB / 9.701GiB
1791536213.536,triage-ollama-1,0.01%,7.114GiB / 9.701GiB
1791536220.604,triage-triage-1,0.21%,54.72MiB / 9.701GiB
1791536220.604,triage-ollama-1,0.01%,7.114GiB / 9.701GiB
