row,Tzehan_label,Tzehan_also,Tzehan_reasoning,kannan_label,kannan_also,kannan_reasoning,Natalie_label,Natalie_also,Natalie_reasoning,agree,majority,final_label,resolution_note,protocol_change
3100,Debt collection,,the complaint is about contact from a debt collector,Debt collection,,Customer raises issue about cease and desist and to stop all communications.,Debt collection,,"""do not consent to further contact by phone, text, email, or postal mail from Spring Oaks Capital , LLC or any third parties acting on your behalf, except as permitted by law""",Y,,Debt collection,,
3101,Consumer loan,,is about the lender loan balance,Consumer loan,,The customer disputes the remaining loan balance and alleges overpayment and concerns about the lender’s licensing.,Debt collection,,,N,Consumer loan (2/3),,,
3102,Credit card,,disputed charges?,None / unclear,,Insufficient information,Credit card,,attached letter unavailable but states that theres credit dispute,N,Credit card (2/3),,,
3103,Bank account or service,,Account was closed,None / unclear,,"The customer reports account closure and suspected unauthorized changes, but the account type is not specified, so the financial category cannot be determined.",Bank account or service,,,N,Bank account or service (2/3),,,
3104,Debt collection,,Collection company,Debt collection,,The customer reports repeated collection calls and threats intended to obtain payment after they disclosed having filed for bankruptcy,Debt collection,,,Y,,Debt collection,,
3105,Credit reporting,,no access to credit report,Credit reporting,,"The customer cannot access their TransUnion credit report, manage fraud alerts or freezes, or obtain updates and corrections relating to identity-theft disputes.",Credit reporting,,"main complain - they cant access their info or fix their transunion account and credit report, and the fraud items are not removed",Y,,Credit reporting,,
3106,Consumer loan,,student loan,Consumer loan,,"The customer disputes a $2,100 increase in their student-loan principal, stating that no additional funds were requested or received and no notice was provided.",Consumer loan,,navient increased student loan balance by $2100 without approval. happened many times.,Y,,Consumer loan,,
3107,Credit reporting,,,Credit reporting,,The customer reports unanswered credit-report,Credit reporting,,,Y,,Credit reporting,,
3108,Money transfer or service,,,Money transfer or service,,"The customer cannot transfer $1,200 from PayPal to their checking account despite repeated attempts and requests for assistance.",Money transfer or service,,money transfer not successful,Y,,Money transfer or service,,
3109,Credit reporting,,,Credit reporting,,The customer reports an unauthorized account and fraudulent credit inquiries and disputes their inclusion in the credit report.,Credit reporting,,,Y,,Credit reporting,,
3110,Credit card,,,Credit card,,The customer alleges that unclear credit-card marketing led them to make purchases that did not qualify for the expected no-interest financing.,Credit card,Consumer loan,"main complain - poor marketing leading to the sender not making the best decision when choosing to use the this card or the other card.. miss out on rewards and have to pay faster to avoid 30% interest.

fits consumer loan as well because sender needs to pay faster to avoid 30% interest.",Y,,Credit card,,
3111,Money transfer or service,,,Money transfer or service,,The customer cannot withdraw GBP funds from their Gemini exchange account because it remains frozen despite contacting support.,Bank account or service,,,N,Money transfer or service (2/3),,,
3112,Money transfer or service,,,Money transfer or service,,"The customer alleges inadequate fraud protection and poor handling of transaction disputes by Cash App, resulting in financial loss.",Money transfer or service,,,Y,,Money transfer or service,,
3113,Mortgage,,,Mortgage,,The customer reports repeated unwanted emails from Better Mortgage despite asking them to stop and blocking a previous senders.,Mortgage,,,Y,,Mortgage,,
3114,Money transfer or service,,,Money transfer or service,,"The customer cannot verify or trace Western Union transfers because the supplied tracking number cannot be found, despite the transfers showing as picked up.",Money transfer or service,,,Y,,Money transfer or service,,
3115,Credit card,,,Credit card,,"The customer disputes approximately $24,000 in scam-related credit-card charges and says the issuer failed to address concerns about the credit limit, balance information and suspected fraud.",Money transfer or service,Credit card,"money transfer or service - sender got scammed

credit card - credit limit",N,Credit card (2/3),,,
3116,Credit card,,,Credit card,,The customer says someone else used their Discover credit card and disputes being held responsible for those charges after their fraud claim was rejected.,Credit card,,,Y,,Credit card,,
3117,Mortgage,,,Mortgage,,"The customer alleges discrimination in mortgage lending for an affordable-home purchase, including denial of financing for eligible homes and unfair pricing.",Mortgage,,,Y,,Mortgage,,
3118,Money transfer or service,,,Money transfer or service,,"The customer alleges inadequate fraud protection and unfair handling of transaction disputes on Cash App, resulting in financial loss.",Money transfer or service,,,Y,,Money transfer or service,,
3119,Credit card,,,Credit card,,"The customer disputes a substantial credit-limit reduction following COVID-19 payment relief, which increased their credit utilization despite a history of timely payments.",Credit card,Credit reporting,"credit card - citibank reduce credit limit after the deferral of 2 months by cares act

credit reporting - because of the reduce of credit limit, it affected the credit report",Y,,Credit card,,
3120,Credit reporting,,,Credit reporting,,"The customer disputes the reporting of several accounts, alleging unauthorized use and disclosure of their personal credit information.",Credit reporting,Debt collection,,Y,,Credit reporting,,
3121,Bank account or service,,,Bank account or service,,"The customer disputes the rejection of a payroll check after it initially cleared, the resulting amount owed, and closure of their bank account.",Bank account or service,Credit reporting,"money trf / serivce - sender is trying to deposit their check

bank acc / service - claimed that their account is closed",Y,,Bank account or service,,
3122,Credit reporting,,,None / unclear,,"The customer disputes medical-service charges and asks for an account to be removed, but the narrative does not identify credit reporting or collection activity.",Bank account or service,,"""account has to be removed according to law""",N,,,,
3123,Credit reporting,,,Credit reporting,,The customer reports identity-theft accounts on their credit report and requests that the credit reporting agencies block or remove those entries.,Credit reporting,Bank account or service,"credit reporting - ""I was the victim of identity theft.""

bank acc / service - ""Here is the list of accounts/items which do not belong to me or were opened without my permission.""",Y,,Credit reporting,,
3124,Money transfer or service,,cash app,Money transfer or service,,The customer reports fraud-related losses on Cash App and says the company failed to protect the account or resolve the dispute fairly.,Money transfer or service,,"this ticket is similar to two other tickets, 3112 and 3118",Y,,Money transfer or service,,
3125,Bank account or service,,reverse a disputed debit card payment after seller was paid twice,Bank account or service,,"The customer disputes payments to a credit-repair seller, including a duplicate payment, and says their bank refused to return the funds.",Bank account or service,Money transfer or service,mainly unhappy about the bank not refunding them. money trf or service because they got scammed through the service,Y,,Bank account or service,,
3126,Consumer loan,,high interest rate for loan,Consumer loan,,The customer says the final loan terms required a much higher repayment amount than they understood before accepting the loan.,Consumer loan,,,Y,,Consumer loan,,
3127,Credit reporting,,removing fraud accounts,Credit reporting,,The customer disputes allegedly fraudulent accounts and incorrect personal information on their credit report and requests their removal.,Credit reporting,,,Y,,Credit reporting,,
3128,Money transfer or service,,money transfer?,None / unclear,,The customer reports losing money through an alleged investment scam. The narrative does not identify a complaint about one of the seven financial products or services being labelled.,Money transfer or service,Bank account or service,obviously got scammed and the bank didnt try to call and check for these large transactions so the bank service is at fault also,N,Money transfer or service (2/3),,,
3129,Mortgage,,2nd mortgage,Mortgage,,The customer disputes repeated changes to the due date of their second-mortgage payments and the servicer’s handling of their inquiries.,Mortgage,,,Y,,Mortgage,,
3130,Credit reporting,,review of credit report,Credit reporting,,The customer disputes allegedly inaccurate or fraudulent credit-report entries and asks the reporting agency to investigate and remove any it cannot verify.,Credit reporting,Debt collection,"obviously credit reporting as main complaint. debt collection as quote ""I do not recognize any of the alleged creditors or debt collectors. I have never entered into a valid contract with any of these entities, nor have I engaged in any transactions with them. As such, these accounts are fraudulent and and inaccurate information. """,Y,,Credit reporting,,
3131,Mortgage,,home owner bill,Mortgage,,The customer says Ocwen scheduled a trustee sale while their mortgage loan modification application was still under review.,Mortgage,,,Y,,Mortgage,,
3132,Credit card,,bank of america credit card,Credit card,,"The customer says the card’s travel cash-back promotion did not clearly explain that they had to select the travel category before purchasing, and Bank of America refused to award the rewards.",Credit card,Bank account or service,"credit card - rewards

bank acc - boa fraud",Y,,Credit card,,
3133,Credit reporting,,I have called this company several time to have this company taken off my credit report,Credit reporting,,The customer disputes an allegedly fraudulent account that remains on their credit report and seeks its removal.,Credit reporting,,,Y,,Credit reporting,,
3134,Bank account or service,,Bank employee,Bank account or service,,The customer felt unsafe and intrusively watched by a bank employee during an ATM withdrawal and wants the bank to address that conduct.,Bank account or service,,,Y,,Bank account or service,,
3135,Money transfer or service,,transfers money,Money transfer or service,,The customer disputes a duplicate $250 money transfer and says Chase and the transfer service did not adequately investigate or recover the funds.,Bank account or service,Money transfer or service,"money trf /service - ""When I XXXX somebody {$250.00} I noticed later on that week that two different XXXX transactions to the same person for {$250.00}.""",N,Money transfer or service (2/3),,,
3136,Debt collection,,collection agency,Debt collection,,"The customer says ongoing garnishments reduced the debt to about $270, but the collection agency continues to pursue more than $4,200 and has not provided a clear accounting.",Debt collection,Credit reporting,the 3rd party collection agency report a balance exceeding 4.2k,Y,,Debt collection,,
3137,Bank account or service,,TD Bank,Bank account or service,,The customer reports unauthorized transactions on their bank account and disputes the bank’s refusal to return the money and reverse the resulting fees.,Bank account or service,,,Y,,Bank account or service,,
3138,Mortgage,,refinancing mortgage,Mortgage,,The customer objects to receiving mortgage refinancing documents for a loan they say they never authorized or agreed to pursue.,Mortgage,,,Y,,Mortgage,,
3139,Mortgage,,property tax payments,Mortgage,,"The customer disputes the servicer’s early property-tax payment, the amount charged to their mortgage account, and the related delinquency and foreclosure notices.",Mortgage,,,Y,,Mortgage,,
3140,Money transfer or service,,prepaid card transaction?,Money transfer or service,,The customer disputes the deactivation of a newly purchased prepaid card and the fee to replace its compromised card number.,Credit card,Debt collection,,N,Money transfer or service (2/3),,,
3141,Consumer loan,,,Credit reporting,,The customer asks for a repossession entry to be removed from their credit record because it is affecting their ability to obtain a home loan.,Credit reporting,Consumer loan,,N,Credit reporting (2/3),,,
3142,Consumer loan,,,None / unclear,,"The customer says a company will take a second monthly payment and has removed the option to suspend the debit, but the underlying account or service is not identified.",Bank account or service,,,N,,,,
3143,Consumer loan,,loan interest rate,Consumer loan,,The customer cannot meet the loan’s current repayment terms after a loss of income and requests further hardship assistance and revised terms.,Consumer loan,Debt collection,,Y,,Consumer loan,,
3144,Bank account or service,,"overdraft, returned payments and fees on bank accounts",Bank account or service,,"The customer says banks continue allowing payments while their accounts are overdrawn, then return the payments and charge additional fees.",Bank account or service,,,Y,,Bank account or service,,
3145,Bank account or service,,bank accounts,Bank account or service,,The customer disputes SoFi’s failure to provide a promotional bonus after opening a checking and savings account and completing a qualifying direct deposit.,Bank account or service,,sofi did not pay the advertised cash bonus for opening a new checking and savings account and setting up a direct reposit,Y,,Bank account or service,,
3146,Bank account or service,,jpmc business account,Bank account or service,,The customer disputes being removed from their business checking account without an explanation and losing access to account funds.,Bank account or service,,sender was removed from business checking account with jp morgan chase bank. sender owns 50% of the business.,Y,,Bank account or service,,
3147,Credit card,,credit card,None / unclear,,"The customer reports an impersonation scam and possible exposure of personal information, but does not identify a complaint about one of the seven financial products or services.",Credit card,,,N,Credit card (2/3),,,
3148,Money transfer or service,,cash appp,Money transfer or service,,The customer reports financial loss and says Cash App failed to address fraud and resolve their dispute.,Money transfer or service,,,Y,,Money transfer or service,,
3149,Mortgage,,mortgage,Mortgage,,"The customer says they reached the threshold for requesting PMI removal, but the mortgage servicer refused unless they paid a fee or met a different threshold.",Mortgage,,,Y,,Mortgage,,
3150,Credit reporting,,credit bureaus,Credit reporting,,Customer facing issue where their credit on all 3 bureaus got pulled and also did not request any credit to be pulled.,Credit reporting,Credit card,,Y,,Credit reporting,,
3151,Bank account or service,,money stolen from bank,Bank account or service,,"Customer account have been hacked, and this is their 3rd time reaching out to fraud department, they want there to be an proper investigation.",Bank account or service,Money transfer or service,"bank account got hacked, quote ""I had noticed that someone had hacked into my account and stole a total of {$4800.00} out of my account ( {$2000.00} on XX/XX/21, {$300.00} on XX/XX/21, {$2000.00} on XX/XX/21 and {$500.00} on XX/XX/21""

and also dispute with bank.",Y,,Bank account or service,,
3152,Mortgage,,,None / unclear,,does not say which type of loan and didnt mention the loan provider company name,Consumer loan,Bank account or service,,N,,,,
3153,Mortgage,,HELOC loan,Consumer loan,,Truist never provide statements and a tax form,Consumer loan,Bank account or service,"bank acc / service - quote "" I was under the impression that banks are required to retain customer records for a period of time ( XXXX years )?""",N,Consumer loan (2/3),,,
3154,Credit reporting,,,Credit reporting,,customer filed a complaint about an error on the credit report. claims the account is being reported inaccurately on the credit reports and it affects customer credit score,Credit reporting,,,Y,,Credit reporting,,
3155,Credit reporting,,credit bureaus,Credit reporting,,"customer dispute collection account on their  credit report that says balance resolved, and the investigation is not resolved.",Credit reporting,,,Y,,Credit reporting,,
3156,Bank account or service,,HSBC bank,Bank account or service,,Customer reports unauthorised spending link to their checking account. They think the card details maybe leaked from the bank side,Bank account or service,Money transfer or service,,Y,,Bank account or service,,
3157,Money transfer or service,,money transger,Money transfer or service,,customer claims transfer did not go through.,Money transfer or service,Bank account or service,"bank acc / service - person who complain said bank has no record of transfer quote ""I use PNC bank and they say they have no record of the transfer and the money has now left her account and is not in mine.""",Y,,Money transfer or service,,
3158,Bank account or service,,chase bank,Bank account or service,,"Customer requesting bank statement, its have not received it yet.",Bank account or service,,,Y,,Bank account or service,,
3159,Bank account or service,,JPMC bank,Bank account or service,,"Customer got notified that their bank account will be closing, and do not have any information on why its being closed.",Bank account or service,Credit card,,Y,,Bank account or service,,
3160,Debt collection,,debt collector,Debt collection,,The customer disputes the amount the debt collector is trying to recover and payments the collector claims were made. They say the collector refuses to provide supporting records.,Debt collection,Credit card,"credit card - because quote ""After speaking numerous times regarding the balance being inaccurate, XXXX XXXX XXXX refuses to change the balance.""",Y,,Debt collection,,
3161,Money transfer or service,,deposit may have been rejected,Money transfer or service,,The customer say Coinbase restricted deposits and withdrawals on their account and did not explain the restriction after an investigation.,Money transfer or service,Bank account or service,"money trf / service - ""i tried to add cash to coinbase for additional investing in crypto.""

bank acc - ""i would rebut both of these by saying i have not had any rejections by my bank and i've been using the same bank account for years.""",Y,,Money transfer or service,,
3162,Mortgage,,mortgage servicing,Mortgage,,"the customer say their mortgage was not return after a loan modification attempt, they did not received the servicing information that they requested and want foreclosure paused while the issue is being reviewed",Mortgage,Debt collection,"debt collection - threaten->""I requested that they stop the foreclosure process until this is resolved and they still threaten to foreclose soon.""",Y,,Mortgage,,
3163,Money transfer or service,,cash app,Money transfer or service,,"The customer reports a refund dispute through Cash App, difficulty getting support, and account restrictions that prevented them from sending money",Bank account or service,Money transfer or service,,N,Money transfer or service (2/3),,,
3164,Bank account or service,,open and close account,Credit reporting,,"no company mentioned, but customer mentions the account supposed to show as bankruptcy and closed.",Credit reporting,,credit reporting - wrong account status,N,Credit reporting (2/3),,,
3165,Consumer loan,,furniture loan,Consumer loan,,"The customer says they cancelled a furniture purchase, but the loan company still took a payment from their account. They say they did't received the bed",Consumer loan,Debt collection,,Y,,Consumer loan,,
3166,Consumer loan,,refund on loan,Consumer loan,,"customer got charged 2 times for the loan, they have filled a complaint and want to get refunded in a timely manner",Bank account or service,Consumer loan,"""I was charged twice two months in a row for a loan.""",N,Consumer loan (2/3),,,
3167,Mortgage,,mortgage servicing company,Mortgage,,customer is saying their mortgage company is commiting fraud,Mortgage,Debt collection,debt colection - raise payment without reason,Y,,Mortgage,,
3168,Bank account or service,,atm deposit,Bank account or service,,Customer complaint about not being able to pay their payment and will incur late charges.,Money transfer or service,Bank account or service,deposit money into bank account but does not reflect in bank account,N,Bank account or service (2/3),,,
3169,Mortgage,,mortgage payment,Mortgage,,The customer disputes four months of mortgage late fees and says BSI has not explained or rectify the issue despite.,Mortgage,Credit reporting,"credit reporting - quote ""Concerned that I have been charged late fees for 4 months when my payments were made timely. And these late payments impact my credit and ability to get new financing""",Y,,Mortgage,,
3170,Credit card,,credit card upgrade card,Credit card,,"Customer disputes a large reduction in their credit-card limit, which they say made their existing balance appear over the limit and is affecting their credit.",Credit card,Credit reporting,"main issue is credit card. secondary issue is credit quote ""This destroyed my credit given it makes it look like I charge over {$10000.00} on a card that only had a {$1000.00} limit.""",Y,,Credit card,,
3171,Money transfer or service,,cash app,Money transfer or service,,"customer made a claims of Cash App not protecting their consumers, and did not take any action to resolve any of the issues, any customer account was closed for no reason.",Money transfer or service,Bank account or service,"bank acc / service - ""Cashapp closed my accounts for no reason""",Y,,Money transfer or service,,
3172,Bank account or service,,opening account,Bank account or service,,The customer says they opened checking and savings accounts to qualify for a bonus but have not received the promised payment.,Bank account or service,,,Y,,Bank account or service,,
3173,Credit reporting,,credit disputes,Credit reporting,,"customer despite that the company did not prove of their verification methods, after sending 4 letters and received no responds. The bureaus have fail to respond within the timeframe.",Credit reporting,,,Y,,Credit reporting,,
3174,Credit reporting,,transunion credit reporting,Credit reporting,,"The customer disputes accounts, collections and inquiries on their TransUnion credit report as identity theft and requests that those entries be blocked.",Credit reporting,,credit reporting agency transunion to block info appearing on senders credit report,Y,,Credit reporting,,
3175,Debt collection,,credit card debt,Debt collection,,The customer says the original card balance was $86. They dispute why the collector now demands $390 after previously stating a $340 balance and receiving a $50 payment.,Credit card,,,N,Debt collection (2/3),,,
3176,Money transfer or service,,gemini crypto currency,Money transfer or service,,"customer is missing money from their gemini crypto account, and asking to return the money back",Money transfer or service,,,Y,,Money transfer or service,,
3177,Credit reporting,,credit report,Credit reporting,,The customer says the inaccurate account and late-payment information furnished by Nelnet to credit reporting agencies and wants the entries corrected or removed.,Credit reporting,,,Y,,Credit reporting,,
3178,Credit reporting,,fraud items on credit report,Credit reporting,,The customer disputes items on their credit report that they say resulted from identity theft and does not belong to them.,Credit reporting,Money transfer or service,"money trf / service - ""The information attached below, which appears on my credit report, does not relate to any transaction ( XXXX ) that I have made""",Y,,Credit reporting,,
3179,Credit card,,atnt credit card,Credit card,,customer disputes a pending credit card charge that they say should have been removed and want the amount to be released back to their credit,Credit card,,,Y,,Credit card,,
3180,Consumer loan,,loan,Consumer loan,Debt collection,"The customer disputes the amount and interest charged on a $1,000 loan and says the lender took money from their wages without notice.",Consumer loan,Debt collection,the company took money from sender's wage without permission,Y,,Consumer loan,,
3181,Bank account or service,,bank fraud?,None / unclear,,"The customer disputes changes to account access and the required phone or text process, but does not identify the type of financial account involved.",Bank account or service,,,N,Bank account or service (2/3),,,
3182,Credit card,,barclays credit card,Credit card,,"the customer says they didnt apply for Barclays credit card, and the charges are not made by them.",Credit card,,,Y,,Credit card,,
3183,Consumer loan,,,Consumer loan,,The customer asks whether their subsidized loans qualify for discharge after filing for bankruptcy,Consumer loan,,,Y,,Consumer loan,,
3184,Mortgage,,mortgage payment,Mortgage,,"customer say they were not credited for the mortgage payment, and the payment made are not being processed.",Mortgage,,,Y,,Mortgage,,
3185,Consumer loan,,loan,None / unclear,,"The customer says Chase repeatedly failed to process a loan payoff, but the narrative does not identify the type of loan.",Consumer loan,Credit reporting,"credit reporting -  Finally, they have reported me as missing a payment, which negatively affects my credit score.",N,Consumer loan (2/3),,,
3186,Bank account or service,,bank of america?,Bank account or service,,"The customer reports difficulty reaching Bank of America about an earlier complaint, but does not describe the underlying account or issue.",Bank account or service,,,Y,,Bank account or service,,
3187,Credit card,,elan credit card,Credit card,,The customer say the Elan card are being rejected when trying to add it to their phone wallets and tells them to contact the card issuer,Credit card,Bank account or service,credit and debit cards,Y,,Credit card,,
3188,Credit card,,discover credit card,Credit card,,"The customer says Discover cancelled their credit card application because they could not complete phone verification, and did not offer another way to verify their identity despite their speech difficulties.",Bank account or service,,,N,Credit card (2/3),,,
3189,Mortgage,,mortgage,Mortgage,,"The customer says M&T increased their mortgage payment after an escrow adjustment, refused a payment, and cancelled their loan modification application while pursuing foreclosure.",Mortgage,Bank account or service,"bank acc / service - bank refuse to take payment and started sending foreclosure notices, sudden increase in payment because M & T did escorw adjustment without sender knowing",Y,,Mortgage,,
3190,Bank account or service,,USAA bank account,Money transfer or service,,The customer said that a scammer gain access to their USSA account and sent wire transfer without permission.,Bank account or service,Money transfer or service,,N,Bank account or service (2/3),,,
3191,Credit reporting,,fair credit reporting,Credit reporting,,"The customer is reporting the torrid account, saying they did not authorised it. They did not identify a specific incorrect entry.",Credit reporting,,,Y,,Credit reporting,,
3192,Debt collection,,debt collector,Debt collection,,The customer is wondering how their payment is being recorded if there is no proof of payment document. The balance is increasing even though they are paying it.,Debt collection,Credit reporting,"credit reporting - "" also if im making payments they should not be increasing my debt amount last reported increase was in XXXX of {$16.00}""",Y,,Debt collection,,
3193,Bank account or service,,wells fargo bank,None / unclear,,"The customer reports unprofessional phone service, but does not identify the underlying financial product or issue.",None / unclear,,,N,None / unclear (2/3),,,
3194,Credit reporting,,credit report,Credit reporting,,"The customer disputes LVNV Funding entries on their credit reports, says they do not recognize the debt, and has been unable to get the entries removed",Debt collection,Credit reporting,debt collection because the lvnv funding has been negatively reporting on senders credit report (main).,N,Credit reporting (2/3),,,
3195,Credit reporting,,credit report,Credit card,Money transfer or service,"The customer disputes a late-payment entry on their credit report, saying they believed the hotel charge had been refunded and did not know a card balance remained.",Credit card,Credit reporting,"credit reporting - ""This is negatively impacting my credit.""",N,Credit card (2/3),,,
3196,Money transfer or service,,cash app,Money transfer or service,,The customer says a Cash App card was issued in their name without their request and they cannot get help confirming whether an account was opened or not,Bank account or service,Credit card,,N,Money transfer or service (2/3),,,
3197,Bank account or service,,chase bank,Bank account or service,,"Customer says her account was closed without authorisation, and did not receive any warning.",Bank account or service,,,Y,,Bank account or service,,
3198,Debt collection,,debt,Debt collection,,The customer disputes a debt Glass Mountain Capital contacted them about and objects to the collection letter.,Debt collection,,Glass Mountain Capital LLC used obscene language by alleging I owed a debt.,Y,,Debt collection,,
3199,Consumer loan,,loan servicing,Consumer loan,,The customer says FedLoan Servicing’s callback option repeatedly failed and the phone system disconnected them before they could ask about their student loan.,Consumer loan,,,Y,,Consumer loan,,
