row,Zong_Han_label,Zong_Han_also,Zong_Han_reasoning,ridwan_label,ridwan_also,ridwan_reasoning,agree,majority,final_label,resolution_note,protocol_change
3000,Money transfer or service,,"Sending money over, but it is more of a scam",Money transfer or service,,Paypal is a e-wallet and a money transfer service,Y,,Money transfer or service,,
3001,Credit card,,Credit card fees,Debt collection,,credit card debt payment,N,,Credit card,Capital One charged a fee after the customer paid off their own card; no collector or collection activity.,v0.2: Debt collection needs collection activity; fees on one's own card -> Credit card
3002,Credit reporting,,Credit reporting,Credit reporting,,is relating to credit reporting profesionalism,Y,,Credit reporting,,
3003,Money transfer or service,,,Money transfer or service,,Cash App is a e-wallet so its a money transfer service,Y,,Money transfer or service,,
3004,Credit reporting,,,Credit reporting,,this is about credit reporting,Y,,Credit reporting,,
3005,Consumer loan,,,Consumer loan,,its a consumer loan as its about a private loan,Y,,Consumer loan,,
3006,Bank account or service,,,Bank account or service,,its relating to a citibank bank account,Y,,Bank account or service,,
3007,Credit reporting,,,Credit reporting,,"experian is a credit reporting company, it also cites the user's own credit report",Y,,Credit reporting,,
3008,Debt collection,,,Debt collection,,"this is a debt collection issue due to the phrase ""to collect a debt""",Y,,Debt collection,,
3009,Money transfer or service,,,Bank account or service,,debit card is only given by banks. and they clearly cite the bank. it is also a scam claim,N,,Bank account or service,Unauthorised debit-card transactions and the bank's denied fraud claim; no transfer service involved.,v0.2: unauthorised debit-card or wire transactions out of a bank account -> Bank account or service
3010,Credit reporting,,,Credit reporting,,it cites fair credit reporting but does not complain the actual issue,Y,,Credit reporting,,
3011,Credit reporting,,,None / unclear,Credit reporting,maybe credit reporting but its unclear based on the available labels as it does not specify what type of service they are complaining about/using,N,,Credit reporting,SageStream is a consumer reporting agency; complaint is about the CRA not responding.,v0.2: specialty consumer reporting agencies (e.g. SageStream) -> Credit reporting
3012,Bank account or service,,,Bank account or service,,KeyBank is clearly a bank and also its pertaining to depositing of funds,Y,,Bank account or service,,
3013,Consumer loan,,,Consumer loan,,this complaint is about a car loan,Y,,Consumer loan,,
3014,Money transfer or service,,,Money transfer or service,,this is pertaining to an exchange/broker service so money transfer seems to fit it well,Y,,Money transfer or service,,
3015,Credit reporting,,,Credit reporting,,Cites fair credit reporting and a list of laws. it just says that they violated some rights,Y,,Credit reporting,,
3016,Mortgage,,,Mortgage,Bank account or service,clearly states that the issue is with a mortgage payment deduction to a bank account,Y,,Mortgage,,
3017,Credit card,,,Bank account or service,,its regarding a transaction with a bank account about a transaction with a camping reservation,N,,Credit card,Comenity Capital Bank issues store credit cards; this is a double-charge billing dispute.,"v0.2: label the product, not the company type (a bank can issue a mortgage or credit card)"
3018,Bank account or service,,,Bank account or service,,Chase is a bank and the issue cites a account closure,Y,,Bank account or service,,
3019,Mortgage,,,Mortgage,,clearly citing a mortgage issue,Y,,Mortgage,,
3020,Mortgage,,"Chase froze funds and closed checking account after depositing a joint tax refund cheque, so Bank account or service.",Bank account or service,Money transfer or service,was not clear of what type of account it was about but its clearly about transactions with a bank account or e-wallet,N,,Mortgage,Shellpoint servicing transfer; customer cannot make mortgage payments. Zong Han's reasoning on this row belongs to row 3018 (saved to the wrong row in the app); label re-decided on this ticket's text.,
3021,Credit reporting,,"Background is a VA/university billing mix-up that went to collections, but the complaint is about Experian mishandling two disputes. Tie-break: the credit bureau.",Credit reporting,,clearly cites a dispute between user and experian which is a credit reporting company,Y,,Credit reporting,,
3022,Credit reporting,,"Paid collection account still on report after 7 years; wants it removed. Harm is the report entry, not collection activity. Collector is only the company reporting it.",Credit reporting,,cites a removal of a record in the credit report,Y,,Credit reporting,,
3023,Credit reporting,,Dispute letter to a credit bureau about how a Credit Acceptance car loan is reported; asks for correction or deletion. Loan is background only,Bank account or service,Credit reporting,disputing a bank account issue reporting to a credit report so it might be both,N,,Credit reporting,Dispute letter to a credit bureau about how an account is reported; the car loan is background.,v0.2: dispute with a bureau -> Credit reporting; dispute with the lender/servicer about what it reports -> that lender's product
3024,Consumer loan,Credit reporting,"Car-loan application at a dealer (Westlake); deal cancelled with no adverse action notice. FCRA cited, but no report correction requested, so Consumer loan.",Consumer loan,,its about a car loan,Y,,Consumer loan,,
3025,Credit reporting,Debt collection,Collection on TransUnion report; debt verification unanswered; demands bureaus delete it. Fix requested is removal from credit report → Credit reporting. Collector's lack of reply is secondary.,Debt collection,,,N,,Credit reporting,Demand is directed at TransUnion and the other bureaus to delete the collection; the unanswered verification letter is secondary.,v0.2: Credit reporting vs Debt collection decided by who the complaint is against (collector conduct -> Debt collection; bureau's report/dispute handling -> Credit reporting)
3026,Consumer loan,,Navient student loan servicer; wrong and unclear info about payment change after interest-only period.,Consumer loan,,is technically a loan and not a using a credit card.,Y,,Consumer loan,,
3027,Credit card,,Balance transfer 0% promo; payments applied to lowest APR first so purchases accrue 26% interest. Credit card terms/interest.,Credit card,,clearly cites the US bank credit card to be reported on,Y,,Credit card,,
3028,Money transfer or service,,,Money transfer or service,,cites a cashapp issue which is a e-wallet,Y,,Money transfer or service,,
3029,Money transfer or service,,,Money transfer or service,Bank account or service,its a merchant issue so might be for both ends,Y,,Money transfer or service,,
3030,Mortgage,,"The customer applied to their servicer for a ""workout solution"", which is a loan modification to avoid foreclosure. They were denied because the reviewers decided they ""could not afford my mortgage"", and the complaint is about keeping their home.",Bank account or service,,welss fargo is a bank,N,,Mortgage,Denied loan modification ('workout solution') to save the home; Wells Fargo being a bank does not make it a bank account issue.,"v0.2: label the product, not the company type (a bank can issue a mortgage or credit card)"
3031,Credit reporting,,"Although it talks about credit report in the beginning, the main point of it is debt collection",Credit reporting,,this one is disputing against a credit reporting company,Y,,Credit reporting,,
3032,Bank account or service,,Unauthorized account creation,Bank account or service,,seems more like a indentity theft with a bank account,Y,,Bank account or service,,
3033,Mortgage,,Cardinal Financial is a refinancing/mortgage company. Delays and poor communication,Mortgage,,is to do something with mortgage,Y,,Mortgage,,
3034,Credit reporting,,"The last paragraph talks about how the CRA (Consumer Reporting Agency) couldn't merely parrot information, so this most likely is talking about credit reporting",Consumer loan,,student loan rejection claim,N,,Credit reporting,Addressed to a CRA about its e-Oscar dispute handling; the student loans are what is on the report.,v0.2: dispute with a bureau -> Credit reporting; dispute with the lender/servicer about what it reports -> that lender's product
3035,Consumer loan,,,Consumer loan,,seems more like a loan thing or a buy now pay later,Y,,Consumer loan,,
3036,Bank account or service,,"Keywords: Bank, account
Guy purchased a business from the previous owner, but seems like the handover process wasn't done right so ex-owner still receives billing while new owner can't get it to pay the bills",Bank account or service,,buisness checking account issue.,Y,,Bank account or service,,
3037,Mortgage,,Keyword: Mortgage,Mortgage,,something to do with mortgage,Y,,Mortgage,,
3038,Credit reporting,,"Keyword: Trans. Union, Credit report, credit bureaus",Credit reporting,Bank account or service,is more of credit reporting and account lifting so can be either one,Y,,Credit reporting,,
3039,Debt collection,,"Original cause was fraudulent account creation which has been resolved, but now the main issue is that one of the companies is now doing a debt collection even though other companies understood that the account was fraudulently created, and if this company decides to forward the debt record to the credit bureau, his score will be affected.",Credit reporting,,unclear of what this person is complaining about but it might be about her credit report due to her identity theft,N,,Debt collection,A company is pursuing a debt from identity theft; credit reporting is only a threatened consequence.,v0.2: Credit reporting vs Debt collection decided by who the complaint is against (collector conduct -> Debt collection; bureau's report/dispute handling -> Credit reporting)
3040,Bank account or service,,"CD = Certificate of Deposit, bank service",Bank account or service,,its something to do with a cert of deposit with a bank.,Y,,Bank account or service,,
3041,Bank account or service,,"Though the first part talks about personal loan and etc, the main issue the complainant is targeting is the bank's hotline.",Bank account or service,,its a issue with a bank account not a loan. the loan had issues DUE to the bank account,Y,,Bank account or service,,
3042,Bank account or service,,Chime is a fintech company that provides banking-as-a-service,Bank account or service,Money transfer or service,Chime is a mix of both a bank and a money transfer service. the company is not a bank per-se as accounts are held using partner banks. so it might be more of a money transfer service.,Y,,Bank account or service,,
3043,Mortgage,Bank account or service,Narrative talks about mortgage and bank,Mortgage,Bank account or service,is an issue with a mortgage and a bank. more so with a mortgage issuer,Y,,Mortgage,,
3044,Consumer loan,Credit card,"Upstart and Upgrade offers personal loans.
Keyword: Loans, card",Bank account or service,,cites a checking account and the issue was with charging the wrong card,N,,Consumer loan,"Upstart/Upgrade lender keeps debiting a closed checking account for loan and card payments; the complaint is about the lender's billing, loan named first. Borderline with Credit card.",
3045,Credit card,,,Credit card,,cites a changing of credit card account type,Y,,Credit card,,
3046,Consumer loan,,Climb in this narrative probably refers to Climb Credit which loans out money for education purposes.,Consumer loan,Bank account or service,the complain is asking the bank to contact a company regarding their loan payment so,Y,,Consumer loan,,
3047,Mortgage,,,Mortgage,,is regarding a mortgage,Y,,Mortgage,,
3048,Money transfer or service,,,Money transfer or service,,its regarding a e-wallet so its a money transfer service,Y,,Money transfer or service,,
3049,Money transfer or service,,,Bank account or service,,cites a bank account and a fraudulent transaction,N,,Bank account or service,Account takeover and a fraudulent wire out of a Discover Bank account; complaint is about the bank's security and response.,v0.2: unauthorised debit-card or wire transactions out of a bank account -> Bank account or service
3050,Credit reporting,,,Credit card,,its regarding a few credit card accounts,N,,Credit reporting,Complaint about the bureaus' handling of a dispute; the card accounts are what is on the report.,v0.2: dispute with a bureau -> Credit reporting; dispute with the lender/servicer about what it reports -> that lender's product
3051,Bank account or service,,,Bank account or service,,its regarding a Citibank bank account,Y,,Bank account or service,,
3052,Credit reporting,,,Credit reporting,,its regarding a credit report rather than a credit card itself,Y,,Credit reporting,,
3053,Credit reporting,,,Credit reporting,,its regarding a credit report with fraudulent account,Y,,Credit reporting,,
3054,Money transfer or service,,,Money transfer or service,Bank account or service,chime is a financial tech company rather than a bank,Y,,Money transfer or service,,
3055,Credit reporting,,,Debt collection,,its more relevant to debt collection. the credit reporting is an after effect,N,,Debt collection,"Cease-and-desist to LVNV Funding, a debt collector, under the FDCPA.",v0.2: Credit reporting vs Debt collection decided by who the complaint is against (collector conduct -> Debt collection; bureau's report/dispute handling -> Credit reporting)
3056,Bank account or service,,,Bank account or service,,regarding a savings account that they did not open,Y,,Bank account or service,,
3057,Bank account or service,,,Bank account or service,,it was regarding a bank account closure.,Y,,Bank account or service,,
3058,Bank account or service,,,Bank account or service,,its a complaint regarding a funds that are being witheld,Y,,Bank account or service,,
3059,Money transfer or service,,,Money transfer or service,,zelle is a e-wallet to transfer money,Y,,Money transfer or service,,
3060,Mortgage,,,Mortgage,,its regarding a transfer of mortgage to another company,Y,,Mortgage,,
3061,Consumer loan,,,Consumer loan,,its regarding a student loan,Y,,Consumer loan,,
3062,Credit reporting,,,Credit reporting,,its regarding their credit score going down,Y,,Credit reporting,,
3063,Credit reporting,,,Credit reporting,,experian is a credit reporting company,Y,,Credit reporting,,
3064,Debt collection,,,Debt collection,,the issue is more related to debt collection,Y,,Debt collection,,
3065,Debt collection,,,Debt collection,,its regarding a false debt collection,Y,,Debt collection,,
3066,Credit reporting,,,Credit reporting,,complaint about a damaged credit profile due to identity theft,Y,,Credit reporting,,
3067,Mortgage,,PMI = Private mortgage insurance,Mortgage,,its a loan transfer about a home,Y,,Mortgage,,
3068,Credit reporting,,,Credit reporting,,its regarding a indentity theft and false credit report,Y,,Credit reporting,,
3069,Credit card,,,Credit card,,its regarding a credit card issue and billing disupute,Y,,Credit card,,
3070,Credit card,,,Credit card,,its a billing disupute with two credit card companies,Y,,Credit card,,
3071,Debt collection,Credit reporting,,Mortgage,,its regarding a loan for an apartment made by a identity thief,N,,Debt collection,Debt validation request to Transworld (a collector) under the FDCPA; not a mortgage (apartment lease debt).,v0.2: Credit reporting vs Debt collection decided by who the complaint is against (collector conduct -> Debt collection; bureau's report/dispute handling -> Credit reporting)
3072,Debt collection,Credit reporting,,Credit reporting,,its regarding an entry that was not made by them,N,,Debt collection,"Midland never sent notice or proof of the debt; complaint is mainly about the collector, removal from report is the remedy.",v0.2: Credit reporting vs Debt collection decided by who the complaint is against (collector conduct -> Debt collection; bureau's report/dispute handling -> Credit reporting)
3073,Bank account or service,,,Bank account or service,,its regarding a held funds after closure of a bank account,Y,,Bank account or service,,
3074,Money transfer or service,,,Money transfer or service,,its regarding venmo which is a e-wallet,Y,,Money transfer or service,,
3075,Mortgage,,Bayview Loan Servicing (now operating as Community Loan Servicing) manages and services residential and small-balance commercial mortgage loans,Consumer loan,,its regarding a loan dispute,N,,Mortgage,Bayview Loan Servicing is a mortgage servicer; issue is escrowed insurance not being paid.,
3076,Bank account or service,,,Bank account or service,,its regarding an overdraft,Y,,Bank account or service,,
3077,Consumer loan,,,Consumer loan,,its regarding a private loan and a dispute over payment,Y,,Consumer loan,,
3078,Credit reporting,,,Credit reporting,,its regarding a debt collection that was not reported that it is paid years ago,Y,,Credit reporting,,
3079,Debt collection,,,Debt collection,,clearly state debt collection,Y,,Debt collection,,
3080,Credit reporting,,,Consumer loan,,its regarding a student loan,N,,Consumer loan,"Complaint is against the student loan servicer (AES) about a late payment it reports, not against a bureau.",v0.2: student loans -> Consumer loan; v0.2: dispute with a bureau -> Credit reporting; dispute with the lender/servicer about what it reports -> that lender's product
3081,Consumer loan,,,Credit reporting,,its regarding a false payment claim,N,,Consumer loan,"Lender misapplying payments on a loan with GAP insurance (car loan); credit report is a worry, not the complaint.",v0.2: dispute with a bureau -> Credit reporting; dispute with the lender/servicer about what it reports -> that lender's product
3082,Debt collection,,,Debt collection,,its is regarding a mortgage that they did not pay and is being chased to pay,Y,,Debt collection,,
3083,Bank account or service,,,Money transfer or service,,cites a bank account and funds that cant be returned,N,,Bank account or service,Bank of America escheated a dormant account to the state; customer wants funds back in the account.,
3084,Money transfer or service,,,Money transfer or service,,regarding a funds transfer with a bank account due to a scam,Y,,Money transfer or service,,
3085,Money transfer or service,,,Money transfer or service,,its regarding an app where people invest using.,Y,,Money transfer or service,,
3086,Bank account or service,,"Robinhood, brokerage service",Mortgage,,its regarding a mortgage,N,,Mortgage,Rocket Mortgage refinance and refund of the appraisal fee. Zong Han's reasoning on this row belongs to row 3085 (saved to the wrong row in the app); label re-decided on this ticket's text.,
3087,Credit reporting,,,Credit reporting,,removal of 3 entries on credit report,Y,,Credit reporting,,
3088,Consumer loan,,"Approved and was to receive funding

Seems like a loan",Money transfer or service,,cites a transfer of funds. might be a scam,N,,Consumer loan,"Approved for funding with repayments scheduled by autopay, but money not disbursed: a loan.",
3089,Credit reporting,,,Credit reporting,,its regarding a indentity theft and a credit report entry,Y,,Credit reporting,,
3090,Bank account or service,,,Bank account or service,,its regarding a bank account promotion,Y,,Bank account or service,,
3091,Mortgage,,,Mortgage,,its regarding a mortgage,Y,,Mortgage,,
3092,Credit reporting,,,Credit reporting,,its regarding a credit report and their disputes with them,Y,,Credit reporting,,
3093,Money transfer or service,,,Money transfer or service,,cash app was cited and its regarding a false transfer,Y,,Money transfer or service,,
3094,Money transfer or service,,,Money transfer or service,,its regarding a false positive fraudulent claim  which prevented the user from paying their employees,Y,,Money transfer or service,,
3095,Bank account or service,,,Bank account or service,,regarding the held funds,Y,,Bank account or service,,
3096,Money transfer or service,,,Money transfer or service,,its regarding a crypto currency which means its an e-wallet,Y,,Money transfer or service,,
3097,Credit reporting,,,Credit reporting,,false credit reporting,Y,,Credit reporting,,
3098,Mortgage,,,Mortgage,,its regarding a mortgage loan,Y,,Mortgage,,
3099,Bank account or service,,,Bank account or service,,its regarding an ATM not accepting money that it gave out,Y,,Bank account or service,,
