row,golden,predicted,correct,status,latency_ms,model,model_digest,request_id,error
3000,Money transfer or service,Credit reporting,N,200,644.0,llama3.2:1b-instruct-q4_K_M,22bc6b92eb0160c4629782fca05a9032c59d306ab2058b7dacc8a4644fbafa02,acc-20261008T121407Z_llama3.2-1b-instruct-q4_K_M-3000,
3001,Credit card,Credit card,Y,200,300.2,llama3.2:1b-instruct-q4_K_M,22bc6b92eb0160c4629782fca05a9032c59d306ab2058b7dacc8a4644fbafa02,acc-20261008T121407Z_llama3.2-1b-instruct-q4_K_M-3001,
3002,Credit reporting,Credit reporting,Y,200,668.9,llama3.2:1b-instruct-q4_K_M,22bc6b92eb0160c4629782fca05a9032c59d306ab2058b7dacc8a4644fbafa02,acc-20261008T121407Z_llama3.2-1b-instruct-q4_K_M-3002,
3003,Money transfer or service,Credit reporting,N,200,312.4,llama3.2:1b-instruct-q4_K_M,22bc6b92eb0160c4629782fca05a9032c59d306ab2058b7dacc8a4644fbafa02,acc-20261008T121407Z_llama3.2-1b-instruct-q4_K_M-3003,
3004,Credit reporting,Credit reporting,Y,200,578.3,llama3.2:1b-instruct-q4_K_M,22bc6b92eb0160c4629782fca05a9032c59d306ab2058b7dacc8a4644fbafa02,acc-20261008T121407Z_llama3.2-1b-instruct-q4_K_M-3004,
3005,Consumer loan,Credit reporting,N,200,513.0,llama3.2:1b-instruct-q4_K_M,22bc6b92eb0160c4629782fca05a9032c59d306ab2058b7dacc8a4644fbafa02,acc-20261008T121407Z_llama3.2-1b-instruct-q4_K_M-3005,
3006,Bank account or service,Bank account or service,Y,200,458.0,llama3.2:1b-instruct-q4_K_M,22bc6b92eb0160c4629782fca05a9032c59d306ab2058b7dacc8a4644fbafa02,acc-20261008T121407Z_llama3.2-1b-instruct-q4_K_M-3006,
3007,Credit reporting,Credit reporting,Y,200,420.0,llama3.2:1b-instruct-q4_K_M,22bc6b92eb0160c4629782fca05a9032c59d306ab2058b7dacc8a4644fbafa02,acc-20261008T121407Z_llama3.2-1b-instruct-q4_K_M-3007,
3008,Debt collection,Debt collection,Y,200,224.4,llama3.2:1b-instruct-q4_K_M,22bc6b92eb0160c4629782fca05a9032c59d306ab2058b7dacc8a4644fbafa02,acc-20261008T121407Z_llama3.2-1b-instruct-q4_K_M-3008,
3009,Bank account or service,Credit reporting,N,200,457.8,llama3.2:1b-instruct-q4_K_M,22bc6b92eb0160c4629782fca05a9032c59d306ab2058b7dacc8a4644fbafa02,acc-20261008T121407Z_llama3.2-1b-instruct-q4_K_M-3009,
3010,Credit reporting,Credit reporting,Y,200,648.5,llama3.2:1b-instruct-q4_K_M,22bc6b92eb0160c4629782fca05a9032c59d306ab2058b7dacc8a4644fbafa02,acc-20261008T121407Z_llama3.2-1b-instruct-q4_K_M-3010,
3011,Credit reporting,Debt collection,N,200,488.2,llama3.2:1b-instruct-q4_K_M,22bc6b92eb0160c4629782fca05a9032c59d306ab2058b7dacc8a4644fbafa02,acc-20261008T121407Z_llama3.2-1b-instruct-q4_K_M-3011,
3012,Bank account or service,Debt collection,N,200,341.6,llama3.2:1b-instruct-q4_K_M,22bc6b92eb0160c4629782fca05a9032c59d306ab2058b7dacc8a4644fbafa02,acc-20261008T121407Z_llama3.2-1b-instruct-q4_K_M-3012,
3013,Consumer loan,Debt collection,N,200,251.1,llama3.2:1b-instruct-q4_K_M,22bc6b92eb0160c4629782fca05a9032c59d306ab2058b7dacc8a4644fbafa02,acc-20261008T121407Z_llama3.2-1b-instruct-q4_K_M-3013,
3014,Money transfer or service,Credit reporting,N,200,468.8,llama3.2:1b-instruct-q4_K_M,22bc6b92eb0160c4629782fca05a9032c59d306ab2058b7dacc8a4644fbafa02,acc-20261008T121407Z_llama3.2-1b-instruct-q4_K_M-3014,
3015,Credit reporting,Credit reporting,Y,200,674.8,llama3.2:1b-instruct-q4_K_M,22bc6b92eb0160c4629782fca05a9032c59d306ab2058b7dacc8a4644fbafa02,acc-20261008T121407Z_llama3.2-1b-instruct-q4_K_M-3015,
3016,Mortgage,Credit reporting,N,200,744.4,llama3.2:1b-instruct-q4_K_M,22bc6b92eb0160c4629782fca05a9032c59d306ab2058b7dacc8a4644fbafa02,acc-20261008T121407Z_llama3.2-1b-instruct-q4_K_M-3016,
3017,Credit card,Credit reporting,N,200,267.1,llama3.2:1b-instruct-q4_K_M,22bc6b92eb0160c4629782fca05a9032c59d306ab2058b7dacc8a4644fbafa02,acc-20261008T121407Z_llama3.2-1b-instruct-q4_K_M-3017,
3018,Bank account or service,Credit reporting,N,200,410.3,llama3.2:1b-instruct-q4_K_M,22bc6b92eb0160c4629782fca05a9032c59d306ab2058b7dacc8a4644fbafa02,acc-20261008T121407Z_llama3.2-1b-instruct-q4_K_M-3018,
3019,Mortgage,Debt collection,N,200,200.6,llama3.2:1b-instruct-q4_K_M,22bc6b92eb0160c4629782fca05a9032c59d306ab2058b7dacc8a4644fbafa02,acc-20261008T121407Z_llama3.2-1b-instruct-q4_K_M-3019,
3020,Mortgage,Credit reporting,N,200,454.2,llama3.2:1b-instruct-q4_K_M,22bc6b92eb0160c4629782fca05a9032c59d306ab2058b7dacc8a4644fbafa02,acc-20261008T121407Z_llama3.2-1b-instruct-q4_K_M-3020,
3021,Credit reporting,Debt collection,N,200,820.8,llama3.2:1b-instruct-q4_K_M,22bc6b92eb0160c4629782fca05a9032c59d306ab2058b7dacc8a4644fbafa02,acc-20261008T121407Z_llama3.2-1b-instruct-q4_K_M-3021,
3022,Credit reporting,Credit reporting,Y,200,209.4,llama3.2:1b-instruct-q4_K_M,22bc6b92eb0160c4629782fca05a9032c59d306ab2058b7dacc8a4644fbafa02,acc-20261008T121407Z_llama3.2-1b-instruct-q4_K_M-3022,
3023,Credit reporting,Credit reporting,Y,200,547.4,llama3.2:1b-instruct-q4_K_M,22bc6b92eb0160c4629782fca05a9032c59d306ab2058b7dacc8a4644fbafa02,acc-20261008T121407Z_llama3.2-1b-instruct-q4_K_M-3023,
3024,Consumer loan,Debt collection,N,200,770.8,llama3.2:1b-instruct-q4_K_M,22bc6b92eb0160c4629782fca05a9032c59d306ab2058b7dacc8a4644fbafa02,acc-20261008T121407Z_llama3.2-1b-instruct-q4_K_M-3024,
3025,Credit reporting,Credit reporting,Y,200,356.4,llama3.2:1b-instruct-q4_K_M,22bc6b92eb0160c4629782fca05a9032c59d306ab2058b7dacc8a4644fbafa02,acc-20261008T121407Z_llama3.2-1b-instruct-q4_K_M-3025,
3026,Consumer loan,Debt collection,N,200,722.6,llama3.2:1b-instruct-q4_K_M,22bc6b92eb0160c4629782fca05a9032c59d306ab2058b7dacc8a4644fbafa02,acc-20261008T121407Z_llama3.2-1b-instruct-q4_K_M-3026,
3027,Credit card,Credit reporting,N,200,645.9,llama3.2:1b-instruct-q4_K_M,22bc6b92eb0160c4629782fca05a9032c59d306ab2058b7dacc8a4644fbafa02,acc-20261008T121407Z_llama3.2-1b-instruct-q4_K_M-3027,
3028,Money transfer or service,Credit reporting,N,200,390.2,llama3.2:1b-instruct-q4_K_M,22bc6b92eb0160c4629782fca05a9032c59d306ab2058b7dacc8a4644fbafa02,acc-20261008T121407Z_llama3.2-1b-instruct-q4_K_M-3028,
3029,Money transfer or service,Credit reporting,N,200,602.0,llama3.2:1b-instruct-q4_K_M,22bc6b92eb0160c4629782fca05a9032c59d306ab2058b7dacc8a4644fbafa02,acc-20261008T121407Z_llama3.2-1b-instruct-q4_K_M-3029,
3030,Mortgage,Credit reporting,N,200,513.4,llama3.2:1b-instruct-q4_K_M,22bc6b92eb0160c4629782fca05a9032c59d306ab2058b7dacc8a4644fbafa02,acc-20261008T121407Z_llama3.2-1b-instruct-q4_K_M-3030,
3031,Credit reporting,Credit reporting,Y,200,603.8,llama3.2:1b-instruct-q4_K_M,22bc6b92eb0160c4629782fca05a9032c59d306ab2058b7dacc8a4644fbafa02,acc-20261008T121407Z_llama3.2-1b-instruct-q4_K_M-3031,
3032,Bank account or service,Credit reporting,N,200,471.8,llama3.2:1b-instruct-q4_K_M,22bc6b92eb0160c4629782fca05a9032c59d306ab2058b7dacc8a4644fbafa02,acc-20261008T121407Z_llama3.2-1b-instruct-q4_K_M-3032,
3033,Mortgage,Mortgage,Y,200,927.7,llama3.2:1b-instruct-q4_K_M,22bc6b92eb0160c4629782fca05a9032c59d306ab2058b7dacc8a4644fbafa02,acc-20261008T121407Z_llama3.2-1b-instruct-q4_K_M-3033,
3034,Credit reporting,Debt collection,N,200,645.4,llama3.2:1b-instruct-q4_K_M,22bc6b92eb0160c4629782fca05a9032c59d306ab2058b7dacc8a4644fbafa02,acc-20261008T121407Z_llama3.2-1b-instruct-q4_K_M-3034,
3035,Consumer loan,Credit reporting,N,200,703.8,llama3.2:1b-instruct-q4_K_M,22bc6b92eb0160c4629782fca05a9032c59d306ab2058b7dacc8a4644fbafa02,acc-20261008T121407Z_llama3.2-1b-instruct-q4_K_M-3035,
3036,Bank account or service,Bank account or service,Y,200,381.0,llama3.2:1b-instruct-q4_K_M,22bc6b92eb0160c4629782fca05a9032c59d306ab2058b7dacc8a4644fbafa02,acc-20261008T121407Z_llama3.2-1b-instruct-q4_K_M-3036,
3037,Mortgage,Mortgage,Y,200,403.4,llama3.2:1b-instruct-q4_K_M,22bc6b92eb0160c4629782fca05a9032c59d306ab2058b7dacc8a4644fbafa02,acc-20261008T121407Z_llama3.2-1b-instruct-q4_K_M-3037,
3038,Credit reporting,Credit reporting,Y,200,475.4,llama3.2:1b-instruct-q4_K_M,22bc6b92eb0160c4629782fca05a9032c59d306ab2058b7dacc8a4644fbafa02,acc-20261008T121407Z_llama3.2-1b-instruct-q4_K_M-3038,
3039,Debt collection,Debt collection,Y,200,566.6,llama3.2:1b-instruct-q4_K_M,22bc6b92eb0160c4629782fca05a9032c59d306ab2058b7dacc8a4644fbafa02,acc-20261008T121407Z_llama3.2-1b-instruct-q4_K_M-3039,
3040,Bank account or service,Credit reporting,N,200,548.5,llama3.2:1b-instruct-q4_K_M,22bc6b92eb0160c4629782fca05a9032c59d306ab2058b7dacc8a4644fbafa02,acc-20261008T121407Z_llama3.2-1b-instruct-q4_K_M-3040,
3041,Bank account or service,Credit reporting,N,200,552.0,llama3.2:1b-instruct-q4_K_M,22bc6b92eb0160c4629782fca05a9032c59d306ab2058b7dacc8a4644fbafa02,acc-20261008T121407Z_llama3.2-1b-instruct-q4_K_M-3041,
3042,Bank account or service,Credit reporting,N,200,691.3,llama3.2:1b-instruct-q4_K_M,22bc6b92eb0160c4629782fca05a9032c59d306ab2058b7dacc8a4644fbafa02,acc-20261008T121407Z_llama3.2-1b-instruct-q4_K_M-3042,
3043,Mortgage,Mortgage,Y,200,624.0,llama3.2:1b-instruct-q4_K_M,22bc6b92eb0160c4629782fca05a9032c59d306ab2058b7dacc8a4644fbafa02,acc-20261008T121407Z_llama3.2-1b-instruct-q4_K_M-3043,
3044,Consumer loan,Credit reporting,N,200,678.4,llama3.2:1b-instruct-q4_K_M,22bc6b92eb0160c4629782fca05a9032c59d306ab2058b7dacc8a4644fbafa02,acc-20261008T121407Z_llama3.2-1b-instruct-q4_K_M-3044,
3045,Credit card,Debt collection,N,200,235.6,llama3.2:1b-instruct-q4_K_M,22bc6b92eb0160c4629782fca05a9032c59d306ab2058b7dacc8a4644fbafa02,acc-20261008T121407Z_llama3.2-1b-instruct-q4_K_M-3045,
3046,Consumer loan,Credit reporting,N,200,479.2,llama3.2:1b-instruct-q4_K_M,22bc6b92eb0160c4629782fca05a9032c59d306ab2058b7dacc8a4644fbafa02,acc-20261008T121407Z_llama3.2-1b-instruct-q4_K_M-3046,
3047,Mortgage,Debt collection,N,200,455.9,llama3.2:1b-instruct-q4_K_M,22bc6b92eb0160c4629782fca05a9032c59d306ab2058b7dacc8a4644fbafa02,acc-20261008T121407Z_llama3.2-1b-instruct-q4_K_M-3047,
3048,Money transfer or service,Credit reporting,N,200,635.8,llama3.2:1b-instruct-q4_K_M,22bc6b92eb0160c4629782fca05a9032c59d306ab2058b7dacc8a4644fbafa02,acc-20261008T121407Z_llama3.2-1b-instruct-q4_K_M-3048,
3049,Bank account or service,Credit reporting,N,200,252.6,llama3.2:1b-instruct-q4_K_M,22bc6b92eb0160c4629782fca05a9032c59d306ab2058b7dacc8a4644fbafa02,acc-20261008T121407Z_llama3.2-1b-instruct-q4_K_M-3049,
3050,Credit reporting,Credit reporting,Y,200,282.9,llama3.2:1b-instruct-q4_K_M,22bc6b92eb0160c4629782fca05a9032c59d306ab2058b7dacc8a4644fbafa02,acc-20261008T121407Z_llama3.2-1b-instruct-q4_K_M-3050,
3051,Bank account or service,Bank account or service,Y,200,679.8,llama3.2:1b-instruct-q4_K_M,22bc6b92eb0160c4629782fca05a9032c59d306ab2058b7dacc8a4644fbafa02,acc-20261008T121407Z_llama3.2-1b-instruct-q4_K_M-3051,
3052,Credit reporting,Credit reporting,Y,200,248.4,llama3.2:1b-instruct-q4_K_M,22bc6b92eb0160c4629782fca05a9032c59d306ab2058b7dacc8a4644fbafa02,acc-20261008T121407Z_llama3.2-1b-instruct-q4_K_M-3052,
3053,Credit reporting,Credit reporting,Y,200,355.5,llama3.2:1b-instruct-q4_K_M,22bc6b92eb0160c4629782fca05a9032c59d306ab2058b7dacc8a4644fbafa02,acc-20261008T121407Z_llama3.2-1b-instruct-q4_K_M-3053,
3054,Money transfer or service,Debt collection,N,200,174.5,llama3.2:1b-instruct-q4_K_M,22bc6b92eb0160c4629782fca05a9032c59d306ab2058b7dacc8a4644fbafa02,acc-20261008T121407Z_llama3.2-1b-instruct-q4_K_M-3054,
3055,Debt collection,Debt collection,Y,200,793.0,llama3.2:1b-instruct-q4_K_M,22bc6b92eb0160c4629782fca05a9032c59d306ab2058b7dacc8a4644fbafa02,acc-20261008T121407Z_llama3.2-1b-instruct-q4_K_M-3055,
3056,Bank account or service,Bank account or service,Y,200,497.4,llama3.2:1b-instruct-q4_K_M,22bc6b92eb0160c4629782fca05a9032c59d306ab2058b7dacc8a4644fbafa02,acc-20261008T121407Z_llama3.2-1b-instruct-q4_K_M-3056,
3057,Bank account or service,Credit reporting,N,200,377.8,llama3.2:1b-instruct-q4_K_M,22bc6b92eb0160c4629782fca05a9032c59d306ab2058b7dacc8a4644fbafa02,acc-20261008T121407Z_llama3.2-1b-instruct-q4_K_M-3057,
3058,Bank account or service,Debt collection,N,200,401.1,llama3.2:1b-instruct-q4_K_M,22bc6b92eb0160c4629782fca05a9032c59d306ab2058b7dacc8a4644fbafa02,acc-20261008T121407Z_llama3.2-1b-instruct-q4_K_M-3058,
3059,Money transfer or service,Debt collection,N,200,289.8,llama3.2:1b-instruct-q4_K_M,22bc6b92eb0160c4629782fca05a9032c59d306ab2058b7dacc8a4644fbafa02,acc-20261008T121407Z_llama3.2-1b-instruct-q4_K_M-3059,
3060,Mortgage,Debt collection,N,200,631.6,llama3.2:1b-instruct-q4_K_M,22bc6b92eb0160c4629782fca05a9032c59d306ab2058b7dacc8a4644fbafa02,acc-20261008T121407Z_llama3.2-1b-instruct-q4_K_M-3060,
3061,Consumer loan,Credit reporting,N,200,824.2,llama3.2:1b-instruct-q4_K_M,22bc6b92eb0160c4629782fca05a9032c59d306ab2058b7dacc8a4644fbafa02,acc-20261008T121407Z_llama3.2-1b-instruct-q4_K_M-3061,
3062,Credit reporting,Credit reporting,Y,200,360.1,llama3.2:1b-instruct-q4_K_M,22bc6b92eb0160c4629782fca05a9032c59d306ab2058b7dacc8a4644fbafa02,acc-20261008T121407Z_llama3.2-1b-instruct-q4_K_M-3062,
3063,Credit reporting,Credit reporting,Y,200,474.4,llama3.2:1b-instruct-q4_K_M,22bc6b92eb0160c4629782fca05a9032c59d306ab2058b7dacc8a4644fbafa02,acc-20261008T121407Z_llama3.2-1b-instruct-q4_K_M-3063,
3064,Debt collection,Debt collection,Y,200,297.5,llama3.2:1b-instruct-q4_K_M,22bc6b92eb0160c4629782fca05a9032c59d306ab2058b7dacc8a4644fbafa02,acc-20261008T121407Z_llama3.2-1b-instruct-q4_K_M-3064,
3065,Debt collection,Credit reporting,N,200,193.8,llama3.2:1b-instruct-q4_K_M,22bc6b92eb0160c4629782fca05a9032c59d306ab2058b7dacc8a4644fbafa02,acc-20261008T121407Z_llama3.2-1b-instruct-q4_K_M-3065,
3066,Credit reporting,Credit reporting,Y,200,722.8,llama3.2:1b-instruct-q4_K_M,22bc6b92eb0160c4629782fca05a9032c59d306ab2058b7dacc8a4644fbafa02,acc-20261008T121407Z_llama3.2-1b-instruct-q4_K_M-3066,
3067,Mortgage,Consumer loan,N,200,416.2,llama3.2:1b-instruct-q4_K_M,22bc6b92eb0160c4629782fca05a9032c59d306ab2058b7dacc8a4644fbafa02,acc-20261008T121407Z_llama3.2-1b-instruct-q4_K_M-3067,
3068,Credit reporting,Credit reporting,Y,200,641.8,llama3.2:1b-instruct-q4_K_M,22bc6b92eb0160c4629782fca05a9032c59d306ab2058b7dacc8a4644fbafa02,acc-20261008T121407Z_llama3.2-1b-instruct-q4_K_M-3068,
3069,Credit card,Credit card,Y,200,583.6,llama3.2:1b-instruct-q4_K_M,22bc6b92eb0160c4629782fca05a9032c59d306ab2058b7dacc8a4644fbafa02,acc-20261008T121407Z_llama3.2-1b-instruct-q4_K_M-3069,
3070,Credit card,Credit reporting,N,200,844.0,llama3.2:1b-instruct-q4_K_M,22bc6b92eb0160c4629782fca05a9032c59d306ab2058b7dacc8a4644fbafa02,acc-20261008T121407Z_llama3.2-1b-instruct-q4_K_M-3070,
3071,Debt collection,Debt collection,Y,200,550.5,llama3.2:1b-instruct-q4_K_M,22bc6b92eb0160c4629782fca05a9032c59d306ab2058b7dacc8a4644fbafa02,acc-20261008T121407Z_llama3.2-1b-instruct-q4_K_M-3071,
3072,Debt collection,Credit reporting,N,200,448.1,llama3.2:1b-instruct-q4_K_M,22bc6b92eb0160c4629782fca05a9032c59d306ab2058b7dacc8a4644fbafa02,acc-20261008T121407Z_llama3.2-1b-instruct-q4_K_M-3072,
3073,Bank account or service,Credit reporting,N,200,665.7,llama3.2:1b-instruct-q4_K_M,22bc6b92eb0160c4629782fca05a9032c59d306ab2058b7dacc8a4644fbafa02,acc-20261008T121407Z_llama3.2-1b-instruct-q4_K_M-3073,
3074,Money transfer or service,Credit reporting,N,200,491.1,llama3.2:1b-instruct-q4_K_M,22bc6b92eb0160c4629782fca05a9032c59d306ab2058b7dacc8a4644fbafa02,acc-20261008T121407Z_llama3.2-1b-instruct-q4_K_M-3074,
3075,Mortgage,Debt collection,N,200,385.3,llama3.2:1b-instruct-q4_K_M,22bc6b92eb0160c4629782fca05a9032c59d306ab2058b7dacc8a4644fbafa02,acc-20261008T121407Z_llama3.2-1b-instruct-q4_K_M-3075,
3076,Bank account or service,Debt collection,N,200,567.6,llama3.2:1b-instruct-q4_K_M,22bc6b92eb0160c4629782fca05a9032c59d306ab2058b7dacc8a4644fbafa02,acc-20261008T121407Z_llama3.2-1b-instruct-q4_K_M-3076,
3077,Consumer loan,Debt collection,N,200,540.8,llama3.2:1b-instruct-q4_K_M,22bc6b92eb0160c4629782fca05a9032c59d306ab2058b7dacc8a4644fbafa02,acc-20261008T121407Z_llama3.2-1b-instruct-q4_K_M-3077,
3078,Credit reporting,Debt collection,N,200,364.3,llama3.2:1b-instruct-q4_K_M,22bc6b92eb0160c4629782fca05a9032c59d306ab2058b7dacc8a4644fbafa02,acc-20261008T121407Z_llama3.2-1b-instruct-q4_K_M-3078,
3079,Debt collection,Debt collection,Y,200,409.9,llama3.2:1b-instruct-q4_K_M,22bc6b92eb0160c4629782fca05a9032c59d306ab2058b7dacc8a4644fbafa02,acc-20261008T121407Z_llama3.2-1b-instruct-q4_K_M-3079,
3080,Consumer loan,Debt collection,N,200,454.7,llama3.2:1b-instruct-q4_K_M,22bc6b92eb0160c4629782fca05a9032c59d306ab2058b7dacc8a4644fbafa02,acc-20261008T121407Z_llama3.2-1b-instruct-q4_K_M-3080,
3081,Consumer loan,Debt collection,N,200,837.1,llama3.2:1b-instruct-q4_K_M,22bc6b92eb0160c4629782fca05a9032c59d306ab2058b7dacc8a4644fbafa02,acc-20261008T121407Z_llama3.2-1b-instruct-q4_K_M-3081,
3082,Debt collection,Credit reporting,N,200,787.0,llama3.2:1b-instruct-q4_K_M,22bc6b92eb0160c4629782fca05a9032c59d306ab2058b7dacc8a4644fbafa02,acc-20261008T121407Z_llama3.2-1b-instruct-q4_K_M-3082,
3083,Bank account or service,Credit reporting,N,200,513.1,llama3.2:1b-instruct-q4_K_M,22bc6b92eb0160c4629782fca05a9032c59d306ab2058b7dacc8a4644fbafa02,acc-20261008T121407Z_llama3.2-1b-instruct-q4_K_M-3083,
3084,Money transfer or service,Credit reporting,N,200,899.9,llama3.2:1b-instruct-q4_K_M,22bc6b92eb0160c4629782fca05a9032c59d306ab2058b7dacc8a4644fbafa02,acc-20261008T121407Z_llama3.2-1b-instruct-q4_K_M-3084,
3085,Money transfer or service,Credit reporting,N,200,310.1,llama3.2:1b-instruct-q4_K_M,22bc6b92eb0160c4629782fca05a9032c59d306ab2058b7dacc8a4644fbafa02,acc-20261008T121407Z_llama3.2-1b-instruct-q4_K_M-3085,
3086,Mortgage,Debt collection,N,200,576.0,llama3.2:1b-instruct-q4_K_M,22bc6b92eb0160c4629782fca05a9032c59d306ab2058b7dacc8a4644fbafa02,acc-20261008T121407Z_llama3.2-1b-instruct-q4_K_M-3086,
3087,Credit reporting,Credit reporting,Y,200,600.3,llama3.2:1b-instruct-q4_K_M,22bc6b92eb0160c4629782fca05a9032c59d306ab2058b7dacc8a4644fbafa02,acc-20261008T121407Z_llama3.2-1b-instruct-q4_K_M-3087,
3088,Consumer loan,Credit reporting,N,200,350.7,llama3.2:1b-instruct-q4_K_M,22bc6b92eb0160c4629782fca05a9032c59d306ab2058b7dacc8a4644fbafa02,acc-20261008T121407Z_llama3.2-1b-instruct-q4_K_M-3088,
3089,Credit reporting,Credit reporting,Y,200,357.6,llama3.2:1b-instruct-q4_K_M,22bc6b92eb0160c4629782fca05a9032c59d306ab2058b7dacc8a4644fbafa02,acc-20261008T121407Z_llama3.2-1b-instruct-q4_K_M-3089,
3090,Bank account or service,Credit reporting,N,200,576.9,llama3.2:1b-instruct-q4_K_M,22bc6b92eb0160c4629782fca05a9032c59d306ab2058b7dacc8a4644fbafa02,acc-20261008T121407Z_llama3.2-1b-instruct-q4_K_M-3090,
3091,Mortgage,Mortgage,Y,200,882.5,llama3.2:1b-instruct-q4_K_M,22bc6b92eb0160c4629782fca05a9032c59d306ab2058b7dacc8a4644fbafa02,acc-20261008T121407Z_llama3.2-1b-instruct-q4_K_M-3091,
3092,Credit reporting,Credit reporting,Y,200,753.8,llama3.2:1b-instruct-q4_K_M,22bc6b92eb0160c4629782fca05a9032c59d306ab2058b7dacc8a4644fbafa02,acc-20261008T121407Z_llama3.2-1b-instruct-q4_K_M-3092,
3093,Money transfer or service,Credit reporting,N,200,220.1,llama3.2:1b-instruct-q4_K_M,22bc6b92eb0160c4629782fca05a9032c59d306ab2058b7dacc8a4644fbafa02,acc-20261008T121407Z_llama3.2-1b-instruct-q4_K_M-3093,
3094,Money transfer or service,Credit reporting,N,200,395.6,llama3.2:1b-instruct-q4_K_M,22bc6b92eb0160c4629782fca05a9032c59d306ab2058b7dacc8a4644fbafa02,acc-20261008T121407Z_llama3.2-1b-instruct-q4_K_M-3094,
3095,Bank account or service,Credit reporting,N,200,913.1,llama3.2:1b-instruct-q4_K_M,22bc6b92eb0160c4629782fca05a9032c59d306ab2058b7dacc8a4644fbafa02,acc-20261008T121407Z_llama3.2-1b-instruct-q4_K_M-3095,
3096,Money transfer or service,Credit reporting,N,200,787.9,llama3.2:1b-instruct-q4_K_M,22bc6b92eb0160c4629782fca05a9032c59d306ab2058b7dacc8a4644fbafa02,acc-20261008T121407Z_llama3.2-1b-instruct-q4_K_M-3096,
3097,Credit reporting,Mortgage,N,200,803.0,llama3.2:1b-instruct-q4_K_M,22bc6b92eb0160c4629782fca05a9032c59d306ab2058b7dacc8a4644fbafa02,acc-20261008T121407Z_llama3.2-1b-instruct-q4_K_M-3097,
3098,Mortgage,Debt collection,N,200,660.4,llama3.2:1b-instruct-q4_K_M,22bc6b92eb0160c4629782fca05a9032c59d306ab2058b7dacc8a4644fbafa02,acc-20261008T121407Z_llama3.2-1b-instruct-q4_K_M-3098,
3099,Bank account or service,Credit reporting,N,200,491.8,llama3.2:1b-instruct-q4_K_M,22bc6b92eb0160c4629782fca05a9032c59d306ab2058b7dacc8a4644fbafa02,acc-20261008T121407Z_llama3.2-1b-instruct-q4_K_M-3099,
3100,Debt collection,Credit reporting,N,200,532.8,llama3.2:1b-instruct-q4_K_M,22bc6b92eb0160c4629782fca05a9032c59d306ab2058b7dacc8a4644fbafa02,acc-20261008T121407Z_llama3.2-1b-instruct-q4_K_M-3100,
3101,Consumer loan,Credit reporting,N,200,269.8,llama3.2:1b-instruct-q4_K_M,22bc6b92eb0160c4629782fca05a9032c59d306ab2058b7dacc8a4644fbafa02,acc-20261008T121407Z_llama3.2-1b-instruct-q4_K_M-3101,
3103,Bank account or service,Credit reporting,N,200,302.5,llama3.2:1b-instruct-q4_K_M,22bc6b92eb0160c4629782fca05a9032c59d306ab2058b7dacc8a4644fbafa02,acc-20261008T121407Z_llama3.2-1b-instruct-q4_K_M-3103,
3104,Debt collection,Debt collection,Y,200,307.8,llama3.2:1b-instruct-q4_K_M,22bc6b92eb0160c4629782fca05a9032c59d306ab2058b7dacc8a4644fbafa02,acc-20261008T121407Z_llama3.2-1b-instruct-q4_K_M-3104,
3105,Credit reporting,Credit reporting,Y,200,648.9,llama3.2:1b-instruct-q4_K_M,22bc6b92eb0160c4629782fca05a9032c59d306ab2058b7dacc8a4644fbafa02,acc-20261008T121407Z_llama3.2-1b-instruct-q4_K_M-3105,
3106,Consumer loan,Debt collection,N,200,310.7,llama3.2:1b-instruct-q4_K_M,22bc6b92eb0160c4629782fca05a9032c59d306ab2058b7dacc8a4644fbafa02,acc-20261008T121407Z_llama3.2-1b-instruct-q4_K_M-3106,
3107,Credit reporting,Credit reporting,Y,200,410.5,llama3.2:1b-instruct-q4_K_M,22bc6b92eb0160c4629782fca05a9032c59d306ab2058b7dacc8a4644fbafa02,acc-20261008T121407Z_llama3.2-1b-instruct-q4_K_M-3107,
3108,Money transfer or service,Credit reporting,N,200,623.9,llama3.2:1b-instruct-q4_K_M,22bc6b92eb0160c4629782fca05a9032c59d306ab2058b7dacc8a4644fbafa02,acc-20261008T121407Z_llama3.2-1b-instruct-q4_K_M-3108,
3109,Credit reporting,Credit reporting,Y,200,279.9,llama3.2:1b-instruct-q4_K_M,22bc6b92eb0160c4629782fca05a9032c59d306ab2058b7dacc8a4644fbafa02,acc-20261008T121407Z_llama3.2-1b-instruct-q4_K_M-3109,
3110,Credit card,Credit reporting,N,200,694.5,llama3.2:1b-instruct-q4_K_M,22bc6b92eb0160c4629782fca05a9032c59d306ab2058b7dacc8a4644fbafa02,acc-20261008T121407Z_llama3.2-1b-instruct-q4_K_M-3110,
3111,Money transfer or service,Credit reporting,N,200,429.4,llama3.2:1b-instruct-q4_K_M,22bc6b92eb0160c4629782fca05a9032c59d306ab2058b7dacc8a4644fbafa02,acc-20261008T121407Z_llama3.2-1b-instruct-q4_K_M-3111,
3112,Money transfer or service,Credit reporting,N,200,341.3,llama3.2:1b-instruct-q4_K_M,22bc6b92eb0160c4629782fca05a9032c59d306ab2058b7dacc8a4644fbafa02,acc-20261008T121407Z_llama3.2-1b-instruct-q4_K_M-3112,
3113,Mortgage,Mortgage,Y,200,220.7,llama3.2:1b-instruct-q4_K_M,22bc6b92eb0160c4629782fca05a9032c59d306ab2058b7dacc8a4644fbafa02,acc-20261008T121407Z_llama3.2-1b-instruct-q4_K_M-3113,
3114,Money transfer or service,Money transfer or service,Y,200,451.6,llama3.2:1b-instruct-q4_K_M,22bc6b92eb0160c4629782fca05a9032c59d306ab2058b7dacc8a4644fbafa02,acc-20261008T121407Z_llama3.2-1b-instruct-q4_K_M-3114,
3115,Credit card,Credit reporting,N,200,375.7,llama3.2:1b-instruct-q4_K_M,22bc6b92eb0160c4629782fca05a9032c59d306ab2058b7dacc8a4644fbafa02,acc-20261008T121407Z_llama3.2-1b-instruct-q4_K_M-3115,
3116,Credit card,Credit card,Y,200,258.6,llama3.2:1b-instruct-q4_K_M,22bc6b92eb0160c4629782fca05a9032c59d306ab2058b7dacc8a4644fbafa02,acc-20261008T121407Z_llama3.2-1b-instruct-q4_K_M-3116,
3117,Mortgage,Credit reporting,N,200,630.6,llama3.2:1b-instruct-q4_K_M,22bc6b92eb0160c4629782fca05a9032c59d306ab2058b7dacc8a4644fbafa02,acc-20261008T121407Z_llama3.2-1b-instruct-q4_K_M-3117,
3118,Money transfer or service,Credit reporting,N,200,294.3,llama3.2:1b-instruct-q4_K_M,22bc6b92eb0160c4629782fca05a9032c59d306ab2058b7dacc8a4644fbafa02,acc-20261008T121407Z_llama3.2-1b-instruct-q4_K_M-3118,
3119,Credit card,Credit reporting,N,200,309.0,llama3.2:1b-instruct-q4_K_M,22bc6b92eb0160c4629782fca05a9032c59d306ab2058b7dacc8a4644fbafa02,acc-20261008T121407Z_llama3.2-1b-instruct-q4_K_M-3119,
3120,Credit reporting,Credit reporting,Y,200,490.9,llama3.2:1b-instruct-q4_K_M,22bc6b92eb0160c4629782fca05a9032c59d306ab2058b7dacc8a4644fbafa02,acc-20261008T121407Z_llama3.2-1b-instruct-q4_K_M-3120,
3121,Bank account or service,Credit reporting,N,200,203.4,llama3.2:1b-instruct-q4_K_M,22bc6b92eb0160c4629782fca05a9032c59d306ab2058b7dacc8a4644fbafa02,acc-20261008T121407Z_llama3.2-1b-instruct-q4_K_M-3121,
3123,Credit reporting,Credit reporting,Y,200,498.6,llama3.2:1b-instruct-q4_K_M,22bc6b92eb0160c4629782fca05a9032c59d306ab2058b7dacc8a4644fbafa02,acc-20261008T121407Z_llama3.2-1b-instruct-q4_K_M-3123,
3124,Money transfer or service,Credit reporting,N,200,289.2,llama3.2:1b-instruct-q4_K_M,22bc6b92eb0160c4629782fca05a9032c59d306ab2058b7dacc8a4644fbafa02,acc-20261008T121407Z_llama3.2-1b-instruct-q4_K_M-3124,
3125,Bank account or service,Credit reporting,N,200,459.7,llama3.2:1b-instruct-q4_K_M,22bc6b92eb0160c4629782fca05a9032c59d306ab2058b7dacc8a4644fbafa02,acc-20261008T121407Z_llama3.2-1b-instruct-q4_K_M-3125,
3126,Consumer loan,Debt collection,N,200,219.5,llama3.2:1b-instruct-q4_K_M,22bc6b92eb0160c4629782fca05a9032c59d306ab2058b7dacc8a4644fbafa02,acc-20261008T121407Z_llama3.2-1b-instruct-q4_K_M-3126,
3127,Credit reporting,Credit reporting,Y,200,529.4,llama3.2:1b-instruct-q4_K_M,22bc6b92eb0160c4629782fca05a9032c59d306ab2058b7dacc8a4644fbafa02,acc-20261008T121407Z_llama3.2-1b-instruct-q4_K_M-3127,
3128,Money transfer or service,Debt collection,N,200,848.4,llama3.2:1b-instruct-q4_K_M,22bc6b92eb0160c4629782fca05a9032c59d306ab2058b7dacc8a4644fbafa02,acc-20261008T121407Z_llama3.2-1b-instruct-q4_K_M-3128,
3129,Mortgage,Debt collection,N,200,607.5,llama3.2:1b-instruct-q4_K_M,22bc6b92eb0160c4629782fca05a9032c59d306ab2058b7dacc8a4644fbafa02,acc-20261008T121407Z_llama3.2-1b-instruct-q4_K_M-3129,
3130,Credit reporting,Credit reporting,Y,200,641.4,llama3.2:1b-instruct-q4_K_M,22bc6b92eb0160c4629782fca05a9032c59d306ab2058b7dacc8a4644fbafa02,acc-20261008T121407Z_llama3.2-1b-instruct-q4_K_M-3130,
3131,Mortgage,Debt collection,N,200,337.5,llama3.2:1b-instruct-q4_K_M,22bc6b92eb0160c4629782fca05a9032c59d306ab2058b7dacc8a4644fbafa02,acc-20261008T121407Z_llama3.2-1b-instruct-q4_K_M-3131,
3132,Credit card,Credit reporting,N,200,658.6,llama3.2:1b-instruct-q4_K_M,22bc6b92eb0160c4629782fca05a9032c59d306ab2058b7dacc8a4644fbafa02,acc-20261008T121407Z_llama3.2-1b-instruct-q4_K_M-3132,
3133,Credit reporting,Credit reporting,Y,200,568.4,llama3.2:1b-instruct-q4_K_M,22bc6b92eb0160c4629782fca05a9032c59d306ab2058b7dacc8a4644fbafa02,acc-20261008T121407Z_llama3.2-1b-instruct-q4_K_M-3133,
3134,Bank account or service,Credit reporting,N,200,751.4,llama3.2:1b-instruct-q4_K_M,22bc6b92eb0160c4629782fca05a9032c59d306ab2058b7dacc8a4644fbafa02,acc-20261008T121407Z_llama3.2-1b-instruct-q4_K_M-3134,
3135,Money transfer or service,Credit reporting,N,200,383.4,llama3.2:1b-instruct-q4_K_M,22bc6b92eb0160c4629782fca05a9032c59d306ab2058b7dacc8a4644fbafa02,acc-20261008T121407Z_llama3.2-1b-instruct-q4_K_M-3135,
3136,Debt collection,Debt collection,Y,200,849.2,llama3.2:1b-instruct-q4_K_M,22bc6b92eb0160c4629782fca05a9032c59d306ab2058b7dacc8a4644fbafa02,acc-20261008T121407Z_llama3.2-1b-instruct-q4_K_M-3136,
3137,Bank account or service,Credit reporting,N,200,846.9,llama3.2:1b-instruct-q4_K_M,22bc6b92eb0160c4629782fca05a9032c59d306ab2058b7dacc8a4644fbafa02,acc-20261008T121407Z_llama3.2-1b-instruct-q4_K_M-3137,
3138,Mortgage,Mortgage,Y,200,544.2,llama3.2:1b-instruct-q4_K_M,22bc6b92eb0160c4629782fca05a9032c59d306ab2058b7dacc8a4644fbafa02,acc-20261008T121407Z_llama3.2-1b-instruct-q4_K_M-3138,
3139,Mortgage,Credit reporting,N,200,486.2,llama3.2:1b-instruct-q4_K_M,22bc6b92eb0160c4629782fca05a9032c59d306ab2058b7dacc8a4644fbafa02,acc-20261008T121407Z_llama3.2-1b-instruct-q4_K_M-3139,
3140,Money transfer or service,Credit reporting,N,200,309.0,llama3.2:1b-instruct-q4_K_M,22bc6b92eb0160c4629782fca05a9032c59d306ab2058b7dacc8a4644fbafa02,acc-20261008T121407Z_llama3.2-1b-instruct-q4_K_M-3140,
3141,Consumer loan,Credit reporting,N,200,316.2,llama3.2:1b-instruct-q4_K_M,22bc6b92eb0160c4629782fca05a9032c59d306ab2058b7dacc8a4644fbafa02,acc-20261008T121407Z_llama3.2-1b-instruct-q4_K_M-3141,
3143,Consumer loan,Debt collection,N,200,305.6,llama3.2:1b-instruct-q4_K_M,22bc6b92eb0160c4629782fca05a9032c59d306ab2058b7dacc8a4644fbafa02,acc-20261008T121407Z_llama3.2-1b-instruct-q4_K_M-3143,
3144,Bank account or service,Credit reporting,N,200,200.6,llama3.2:1b-instruct-q4_K_M,22bc6b92eb0160c4629782fca05a9032c59d306ab2058b7dacc8a4644fbafa02,acc-20261008T121407Z_llama3.2-1b-instruct-q4_K_M-3144,
3145,Bank account or service,Debt collection,N,200,713.7,llama3.2:1b-instruct-q4_K_M,22bc6b92eb0160c4629782fca05a9032c59d306ab2058b7dacc8a4644fbafa02,acc-20261008T121407Z_llama3.2-1b-instruct-q4_K_M-3145,
3146,Bank account or service,Bank account or service,Y,200,549.8,llama3.2:1b-instruct-q4_K_M,22bc6b92eb0160c4629782fca05a9032c59d306ab2058b7dacc8a4644fbafa02,acc-20261008T121407Z_llama3.2-1b-instruct-q4_K_M-3146,
3147,Credit card,Credit reporting,N,200,430.9,llama3.2:1b-instruct-q4_K_M,22bc6b92eb0160c4629782fca05a9032c59d306ab2058b7dacc8a4644fbafa02,acc-20261008T121407Z_llama3.2-1b-instruct-q4_K_M-3147,
3148,Money transfer or service,Credit reporting,N,200,324.1,llama3.2:1b-instruct-q4_K_M,22bc6b92eb0160c4629782fca05a9032c59d306ab2058b7dacc8a4644fbafa02,acc-20261008T121407Z_llama3.2-1b-instruct-q4_K_M-3148,
3149,Mortgage,Mortgage,Y,200,426.2,llama3.2:1b-instruct-q4_K_M,22bc6b92eb0160c4629782fca05a9032c59d306ab2058b7dacc8a4644fbafa02,acc-20261008T121407Z_llama3.2-1b-instruct-q4_K_M-3149,
3150,Credit reporting,Credit reporting,Y,200,287.4,llama3.2:1b-instruct-q4_K_M,22bc6b92eb0160c4629782fca05a9032c59d306ab2058b7dacc8a4644fbafa02,acc-20261008T121407Z_llama3.2-1b-instruct-q4_K_M-3150,
3151,Bank account or service,Debt collection,N,200,842.9,llama3.2:1b-instruct-q4_K_M,22bc6b92eb0160c4629782fca05a9032c59d306ab2058b7dacc8a4644fbafa02,acc-20261008T121407Z_llama3.2-1b-instruct-q4_K_M-3151,
3152,Consumer loan,Debt collection,N,200,880.4,llama3.2:1b-instruct-q4_K_M,22bc6b92eb0160c4629782fca05a9032c59d306ab2058b7dacc8a4644fbafa02,acc-20261008T121407Z_llama3.2-1b-instruct-q4_K_M-3152,
3153,Mortgage,Credit reporting,N,200,772.9,llama3.2:1b-instruct-q4_K_M,22bc6b92eb0160c4629782fca05a9032c59d306ab2058b7dacc8a4644fbafa02,acc-20261008T121407Z_llama3.2-1b-instruct-q4_K_M-3153,
3154,Credit reporting,Credit reporting,Y,200,310.7,llama3.2:1b-instruct-q4_K_M,22bc6b92eb0160c4629782fca05a9032c59d306ab2058b7dacc8a4644fbafa02,acc-20261008T121407Z_llama3.2-1b-instruct-q4_K_M-3154,
3155,Credit reporting,Debt collection,N,200,445.1,llama3.2:1b-instruct-q4_K_M,22bc6b92eb0160c4629782fca05a9032c59d306ab2058b7dacc8a4644fbafa02,acc-20261008T121407Z_llama3.2-1b-instruct-q4_K_M-3155,
3156,Bank account or service,Credit reporting,N,200,557.3,llama3.2:1b-instruct-q4_K_M,22bc6b92eb0160c4629782fca05a9032c59d306ab2058b7dacc8a4644fbafa02,acc-20261008T121407Z_llama3.2-1b-instruct-q4_K_M-3156,
3157,Money transfer or service,Bank account or service,N,200,330.8,llama3.2:1b-instruct-q4_K_M,22bc6b92eb0160c4629782fca05a9032c59d306ab2058b7dacc8a4644fbafa02,acc-20261008T121407Z_llama3.2-1b-instruct-q4_K_M-3157,
3158,Bank account or service,Credit reporting,N,200,323.9,llama3.2:1b-instruct-q4_K_M,22bc6b92eb0160c4629782fca05a9032c59d306ab2058b7dacc8a4644fbafa02,acc-20261008T121407Z_llama3.2-1b-instruct-q4_K_M-3158,
3159,Bank account or service,Credit reporting,N,200,265.3,llama3.2:1b-instruct-q4_K_M,22bc6b92eb0160c4629782fca05a9032c59d306ab2058b7dacc8a4644fbafa02,acc-20261008T121407Z_llama3.2-1b-instruct-q4_K_M-3159,
3160,Debt collection,Debt collection,Y,200,502.6,llama3.2:1b-instruct-q4_K_M,22bc6b92eb0160c4629782fca05a9032c59d306ab2058b7dacc8a4644fbafa02,acc-20261008T121407Z_llama3.2-1b-instruct-q4_K_M-3160,
3161,Money transfer or service,Credit reporting,N,200,486.4,llama3.2:1b-instruct-q4_K_M,22bc6b92eb0160c4629782fca05a9032c59d306ab2058b7dacc8a4644fbafa02,acc-20261008T121407Z_llama3.2-1b-instruct-q4_K_M-3161,
3162,Mortgage,Credit reporting,N,200,706.8,llama3.2:1b-instruct-q4_K_M,22bc6b92eb0160c4629782fca05a9032c59d306ab2058b7dacc8a4644fbafa02,acc-20261008T121407Z_llama3.2-1b-instruct-q4_K_M-3162,
3163,Money transfer or service,Credit reporting,N,200,377.0,llama3.2:1b-instruct-q4_K_M,22bc6b92eb0160c4629782fca05a9032c59d306ab2058b7dacc8a4644fbafa02,acc-20261008T121407Z_llama3.2-1b-instruct-q4_K_M-3163,
3164,Credit reporting,Credit reporting,Y,200,196.3,llama3.2:1b-instruct-q4_K_M,22bc6b92eb0160c4629782fca05a9032c59d306ab2058b7dacc8a4644fbafa02,acc-20261008T121407Z_llama3.2-1b-instruct-q4_K_M-3164,
3165,Consumer loan,Debt collection,N,200,339.8,llama3.2:1b-instruct-q4_K_M,22bc6b92eb0160c4629782fca05a9032c59d306ab2058b7dacc8a4644fbafa02,acc-20261008T121407Z_llama3.2-1b-instruct-q4_K_M-3165,
3166,Consumer loan,Debt collection,N,200,348.6,llama3.2:1b-instruct-q4_K_M,22bc6b92eb0160c4629782fca05a9032c59d306ab2058b7dacc8a4644fbafa02,acc-20261008T121407Z_llama3.2-1b-instruct-q4_K_M-3166,
3167,Mortgage,Debt collection,N,200,290.3,llama3.2:1b-instruct-q4_K_M,22bc6b92eb0160c4629782fca05a9032c59d306ab2058b7dacc8a4644fbafa02,acc-20261008T121407Z_llama3.2-1b-instruct-q4_K_M-3167,
3168,Bank account or service,Credit reporting,N,200,218.8,llama3.2:1b-instruct-q4_K_M,22bc6b92eb0160c4629782fca05a9032c59d306ab2058b7dacc8a4644fbafa02,acc-20261008T121407Z_llama3.2-1b-instruct-q4_K_M-3168,
3169,Mortgage,Credit reporting,N,200,455.3,llama3.2:1b-instruct-q4_K_M,22bc6b92eb0160c4629782fca05a9032c59d306ab2058b7dacc8a4644fbafa02,acc-20261008T121407Z_llama3.2-1b-instruct-q4_K_M-3169,
3170,Credit card,Credit reporting,N,200,404.9,llama3.2:1b-instruct-q4_K_M,22bc6b92eb0160c4629782fca05a9032c59d306ab2058b7dacc8a4644fbafa02,acc-20261008T121407Z_llama3.2-1b-instruct-q4_K_M-3170,
3171,Money transfer or service,Debt collection,N,200,328.6,llama3.2:1b-instruct-q4_K_M,22bc6b92eb0160c4629782fca05a9032c59d306ab2058b7dacc8a4644fbafa02,acc-20261008T121407Z_llama3.2-1b-instruct-q4_K_M-3171,
3172,Bank account or service,Credit reporting,N,200,174.5,llama3.2:1b-instruct-q4_K_M,22bc6b92eb0160c4629782fca05a9032c59d306ab2058b7dacc8a4644fbafa02,acc-20261008T121407Z_llama3.2-1b-instruct-q4_K_M-3172,
3173,Credit reporting,Credit reporting,Y,200,616.9,llama3.2:1b-instruct-q4_K_M,22bc6b92eb0160c4629782fca05a9032c59d306ab2058b7dacc8a4644fbafa02,acc-20261008T121407Z_llama3.2-1b-instruct-q4_K_M-3173,
3174,Credit reporting,Credit reporting,Y,200,600.5,llama3.2:1b-instruct-q4_K_M,22bc6b92eb0160c4629782fca05a9032c59d306ab2058b7dacc8a4644fbafa02,acc-20261008T121407Z_llama3.2-1b-instruct-q4_K_M-3174,
3175,Debt collection,Credit reporting,N,200,323.4,llama3.2:1b-instruct-q4_K_M,22bc6b92eb0160c4629782fca05a9032c59d306ab2058b7dacc8a4644fbafa02,acc-20261008T121407Z_llama3.2-1b-instruct-q4_K_M-3175,
3176,Money transfer or service,Credit reporting,N,200,231.9,llama3.2:1b-instruct-q4_K_M,22bc6b92eb0160c4629782fca05a9032c59d306ab2058b7dacc8a4644fbafa02,acc-20261008T121407Z_llama3.2-1b-instruct-q4_K_M-3176,
3177,Credit reporting,Credit reporting,Y,200,682.2,llama3.2:1b-instruct-q4_K_M,22bc6b92eb0160c4629782fca05a9032c59d306ab2058b7dacc8a4644fbafa02,acc-20261008T121407Z_llama3.2-1b-instruct-q4_K_M-3177,
3178,Credit reporting,Credit reporting,Y,200,316.3,llama3.2:1b-instruct-q4_K_M,22bc6b92eb0160c4629782fca05a9032c59d306ab2058b7dacc8a4644fbafa02,acc-20261008T121407Z_llama3.2-1b-instruct-q4_K_M-3178,
3179,Credit card,Credit reporting,N,200,415.2,llama3.2:1b-instruct-q4_K_M,22bc6b92eb0160c4629782fca05a9032c59d306ab2058b7dacc8a4644fbafa02,acc-20261008T121407Z_llama3.2-1b-instruct-q4_K_M-3179,
3180,Consumer loan,Debt collection,N,200,478.4,llama3.2:1b-instruct-q4_K_M,22bc6b92eb0160c4629782fca05a9032c59d306ab2058b7dacc8a4644fbafa02,acc-20261008T121407Z_llama3.2-1b-instruct-q4_K_M-3180,
3182,Credit card,Credit reporting,N,200,622.2,llama3.2:1b-instruct-q4_K_M,22bc6b92eb0160c4629782fca05a9032c59d306ab2058b7dacc8a4644fbafa02,acc-20261008T121407Z_llama3.2-1b-instruct-q4_K_M-3182,
3183,Consumer loan,Debt collection,N,200,210.4,llama3.2:1b-instruct-q4_K_M,22bc6b92eb0160c4629782fca05a9032c59d306ab2058b7dacc8a4644fbafa02,acc-20261008T121407Z_llama3.2-1b-instruct-q4_K_M-3183,
3184,Mortgage,Mortgage,Y,200,348.6,llama3.2:1b-instruct-q4_K_M,22bc6b92eb0160c4629782fca05a9032c59d306ab2058b7dacc8a4644fbafa02,acc-20261008T121407Z_llama3.2-1b-instruct-q4_K_M-3184,
3185,Consumer loan,Credit reporting,N,200,656.5,llama3.2:1b-instruct-q4_K_M,22bc6b92eb0160c4629782fca05a9032c59d306ab2058b7dacc8a4644fbafa02,acc-20261008T121407Z_llama3.2-1b-instruct-q4_K_M-3185,
3186,Bank account or service,Debt collection,N,200,734.5,llama3.2:1b-instruct-q4_K_M,22bc6b92eb0160c4629782fca05a9032c59d306ab2058b7dacc8a4644fbafa02,acc-20261008T121407Z_llama3.2-1b-instruct-q4_K_M-3186,
3187,Credit card,Credit reporting,N,200,226.1,llama3.2:1b-instruct-q4_K_M,22bc6b92eb0160c4629782fca05a9032c59d306ab2058b7dacc8a4644fbafa02,acc-20261008T121407Z_llama3.2-1b-instruct-q4_K_M-3187,
3188,Credit card,Debt collection,N,200,276.2,llama3.2:1b-instruct-q4_K_M,22bc6b92eb0160c4629782fca05a9032c59d306ab2058b7dacc8a4644fbafa02,acc-20261008T121407Z_llama3.2-1b-instruct-q4_K_M-3188,
3189,Mortgage,Debt collection,N,200,587.2,llama3.2:1b-instruct-q4_K_M,22bc6b92eb0160c4629782fca05a9032c59d306ab2058b7dacc8a4644fbafa02,acc-20261008T121407Z_llama3.2-1b-instruct-q4_K_M-3189,
3190,Bank account or service,Credit reporting,N,200,902.7,llama3.2:1b-instruct-q4_K_M,22bc6b92eb0160c4629782fca05a9032c59d306ab2058b7dacc8a4644fbafa02,acc-20261008T121407Z_llama3.2-1b-instruct-q4_K_M-3190,
3191,Credit reporting,Credit reporting,Y,200,229.9,llama3.2:1b-instruct-q4_K_M,22bc6b92eb0160c4629782fca05a9032c59d306ab2058b7dacc8a4644fbafa02,acc-20261008T121407Z_llama3.2-1b-instruct-q4_K_M-3191,
3192,Debt collection,Credit reporting,N,200,456.7,llama3.2:1b-instruct-q4_K_M,22bc6b92eb0160c4629782fca05a9032c59d306ab2058b7dacc8a4644fbafa02,acc-20261008T121407Z_llama3.2-1b-instruct-q4_K_M-3192,
3194,Debt collection,Credit reporting,N,200,232.3,llama3.2:1b-instruct-q4_K_M,22bc6b92eb0160c4629782fca05a9032c59d306ab2058b7dacc8a4644fbafa02,acc-20261008T121407Z_llama3.2-1b-instruct-q4_K_M-3194,
3195,Credit card,Debt collection,N,200,624.8,llama3.2:1b-instruct-q4_K_M,22bc6b92eb0160c4629782fca05a9032c59d306ab2058b7dacc8a4644fbafa02,acc-20261008T121407Z_llama3.2-1b-instruct-q4_K_M-3195,
3196,Money transfer or service,Credit reporting,N,200,321.4,llama3.2:1b-instruct-q4_K_M,22bc6b92eb0160c4629782fca05a9032c59d306ab2058b7dacc8a4644fbafa02,acc-20261008T121407Z_llama3.2-1b-instruct-q4_K_M-3196,
3197,Bank account or service,Bank account or service,Y,200,203.9,llama3.2:1b-instruct-q4_K_M,22bc6b92eb0160c4629782fca05a9032c59d306ab2058b7dacc8a4644fbafa02,acc-20261008T121407Z_llama3.2-1b-instruct-q4_K_M-3197,
3198,Debt collection,Debt collection,Y,200,206.5,llama3.2:1b-instruct-q4_K_M,22bc6b92eb0160c4629782fca05a9032c59d306ab2058b7dacc8a4644fbafa02,acc-20261008T121407Z_llama3.2-1b-instruct-q4_K_M-3198,
3199,Consumer loan,Debt collection,N,200,264.9,llama3.2:1b-instruct-q4_K_M,22bc6b92eb0160c4629782fca05a9032c59d306ab2058b7dacc8a4644fbafa02,acc-20261008T121407Z_llama3.2-1b-instruct-q4_K_M-3199,
