row,label
3000,Money transfer or service
3001,Credit card
3002,Credit reporting
3003,Money transfer or service
3004,Credit reporting
3005,Consumer loan
3006,Bank account or service
3007,Credit reporting
3008,Debt collection
3009,Bank account or service
3010,Credit reporting
3011,Credit reporting
3012,Bank account or service
3013,Consumer loan
3014,Money transfer or service
3015,Credit reporting
3016,Mortgage
3017,Credit card
3018,Bank account or service
3019,Mortgage
3020,Mortgage
3021,Credit reporting
3022,Credit reporting
3023,Credit reporting
3024,Consumer loan
3025,Credit reporting
3026,Consumer loan
3027,Credit card
3028,Money transfer or service
3029,Money transfer or service
3030,Mortgage
3031,Credit reporting
3032,Bank account or service
3033,Mortgage
3034,Credit reporting
3035,Consumer loan
3036,Bank account or service
3037,Mortgage
3038,Credit reporting
3039,Debt collection
3040,Bank account or service
3041,Bank account or service
3042,Bank account or service
3043,Mortgage
3044,Consumer loan
3045,Credit card
3046,Consumer loan
3047,Mortgage
3048,Money transfer or service
3049,Bank account or service
3050,Credit reporting
3051,Bank account or service
3052,Credit reporting
3053,Credit reporting
3054,Money transfer or service
3055,Debt collection
3056,Bank account or service
3057,Bank account or service
3058,Bank account or service
3059,Money transfer or service
3060,Mortgage
3061,Consumer loan
3062,Credit reporting
3063,Credit reporting
3064,Debt collection
3065,Debt collection
3066,Credit reporting
3067,Mortgage
3068,Credit reporting
3069,Credit card
3070,Credit card
3071,Debt collection
3072,Debt collection
3073,Bank account or service
3074,Money transfer or service
3075,Mortgage
3076,Bank account or service
3077,Consumer loan
3078,Credit reporting
3079,Debt collection
3080,Consumer loan
3081,Consumer loan
3082,Debt collection
3083,Bank account or service
3084,Money transfer or service
3085,Money transfer or service
3086,Mortgage
3087,Credit reporting
3088,Consumer loan
3089,Credit reporting
3090,Bank account or service
3091,Mortgage
3092,Credit reporting
3093,Money transfer or service
3094,Money transfer or service
3095,Bank account or service
3096,Money transfer or service
3097,Credit reporting
3098,Mortgage
3099,Bank account or service
3100,Debt collection
3101,Consumer loan
3103,Bank account or service
3104,Debt collection
3105,Credit reporting
3106,Consumer loan
3107,Credit reporting
3108,Money transfer or service
3109,Credit reporting
3110,Credit card
3111,Money transfer or service
3112,Money transfer or service
3113,Mortgage
3114,Money transfer or service
3115,Credit card
3116,Credit card
3117,Mortgage
3118,Money transfer or service
3119,Credit card
3120,Credit reporting
3121,Bank account or service
3123,Credit reporting
3124,Money transfer or service
3125,Bank account or service
3126,Consumer loan
3127,Credit reporting
3128,Money transfer or service
3129,Mortgage
3130,Credit reporting
3131,Mortgage
3132,Credit card
3133,Credit reporting
3134,Bank account or service
3135,Money transfer or service
3136,Debt collection
3137,Bank account or service
3138,Mortgage
3139,Mortgage
3140,Money transfer or service
3141,Consumer loan
3143,Consumer loan
3144,Bank account or service
3145,Bank account or service
3146,Bank account or service
3147,Credit card
3148,Money transfer or service
3149,Mortgage
3150,Credit reporting
3151,Bank account or service
3152,Consumer loan
3153,Mortgage
3154,Credit reporting
3155,Credit reporting
3156,Bank account or service
3157,Money transfer or service
3158,Bank account or service
3159,Bank account or service
3160,Debt collection
3161,Money transfer or service
3162,Mortgage
3163,Money transfer or service
3164,Credit reporting
3165,Consumer loan
3166,Consumer loan
3167,Mortgage
3168,Bank account or service
3169,Mortgage
3170,Credit card
3171,Money transfer or service
3172,Bank account or service
3173,Credit reporting
3174,Credit reporting
3175,Debt collection
3176,Money transfer or service
3177,Credit reporting
3178,Credit reporting
3179,Credit card
3180,Consumer loan
3182,Credit card
3183,Consumer loan
3184,Mortgage
3185,Consumer loan
3186,Bank account or service
3187,Credit card
3188,Credit card
3189,Mortgage
3190,Bank account or service
3191,Credit reporting
3192,Debt collection
3194,Debt collection
3195,Credit card
3196,Money transfer or service
3197,Bank account or service
3198,Debt collection
3199,Consumer loan
